fixed_acidity,volatile_acidity,citric_acid,residual_sugar,chlorides,free_sulfur_dioxide,total_sulfur_dioxide,density,ph,sulphates,alcohol,type
8.3,0.21,0.58,17.1,0.049,62,213,1.0006,3.01,0.51,9.3,white
7.1,0.36,0.3,1.6,0.08,35,70,0.99693,3.44,0.5,9.4,red
6.6,0.725,0.09,5.5,0.117,9,17,0.99655,3.35,0.49,10.8,red
13.7,0.415,0.68,2.9,0.085,17,43,1.0014,3.06,0.8,10,red
7.6,0.17,0.27,4.6,0.05,23,98,0.99422,3.08,0.47,9.5,white
7.2,0.2,0.61,16.2,0.043,14,103,0.9987,3.06,0.36,9.2,white
6.7,0.675,0.07,2.4,0.089,17,82,0.9958,3.35,0.54,10.1,red
6.9,0.37,0.23,9.5,0.057,54,166,0.99568,3.23,0.42,10,white
9.5,0.37,0.52,2,0.082,6,26,0.998,3.18,0.51,9.5,red
8.4,0.17,0.31,6.7,0.038,29,132,0.9945,3.1,0.32,10.6,white
6.8,0.26,0.46,8.3,0.037,49,173,0.99601,3.17,0.47,9.3,white
7.8,0.58,0.02,2,0.073,9,18,0.9968,3.36,0.57,9.5,red
6.8,0.21,0.4,6.3,0.032,40,121,0.99214,3.18,0.53,12,white
11.5,0.3,0.6,2,0.067,12,27,0.9981,3.11,0.97,10.1,red
6.8,0.25,0.18,1.4,0.056,13,137,0.9935,3.11,0.42,9.5,white
6.3,0.22,0.3,2,0.05,23,120,0.99204,3.24,0.47,10.4,white
7.2,0.53,0.14,2.1,0.064,15,29,0.99323,3.35,0.61,12.1,red
8.2,0.59,0,2.5,0.093,19,58,1.0002,3.5,0.65,9.3,red
6.5,0.18,0.34,1.6,0.04,43,148,0.9912,3.32,0.59,11.5,white
6.5,0.26,0.27,12.9,0.044,69,215,0.9967,3.17,0.43,10,white
7.9,0.18,0.4,2.2,0.049,38,67,0.996,3.33,0.93,11.3,red
6.1,0.59,0.01,2.1,0.056,5,13,0.99472,3.52,0.56,11.4,red
6.8,0.57,0.29,2.2,0.04,15,77,0.9938,3.32,0.74,10.2,white
8.3,0.28,0.48,2.1,0.093,6,12,0.99408,3.26,0.62,12.4,red
6.8,0.31,0.19,3.5,0.086,30,130,0.993,2.83,0.44,9.6,white
6.2,0.35,0.2,18.1,0.069,33,158,0.99908,3.15,0.5,8.8,white
7.5,0.705,0.24,1.8,0.36,15,63,0.9964,3,1.59,9.5,red
10.8,0.29,0.42,1.6,0.084,19,27,0.99545,3.28,0.73,11.9,red
7.5,0.4,0.12,3,0.092,29,53,0.9967,3.37,0.7,10.3,red
7.2,0.45,0.15,2,0.078,10,28,0.99609,3.29,0.51,9.9,red
12.4,0.42,0.49,4.6,0.073,19,43,0.9978,3.02,0.61,9.5,red
7.2,0.29,0.53,18.15,0.047,59,182,0.9992,3.09,0.52,9.6,white
8.2,0.44,0.24,2.3,0.063,10,28,0.99613,3.25,0.53,10.2,red
7.4,0.785,0.19,5.2,0.094,19,98,0.99713,3.16,0.52,9.56666666666667,red
10.1,0.27,0.54,2.3,0.065,7,26,0.99531,3.17,0.53,12.5,red
6.8,0.14,0.18,1.4,0.047,30,90,0.99164,3.27,0.54,11.2,white
9.5,0.735,0.1,2.1,0.079,6,31,0.9986,3.23,0.56,10.1,red
6.9,0.63,0.02,1.9,0.078,18,30,0.99712,3.4,0.75,9.8,red
7.5,0.51,0.02,1.7,0.084,13,31,0.99538,3.36,0.54,10.5,red
9.2,0.54,0.31,2.3,0.112,11,38,0.99699,3.24,0.56,10.9,red
7.3,0.43,0.24,2.5,0.078,27,67,0.99648,3.6,0.59,11.1,red
9.1,0.36,0.39,1.8,0.06,21,55,0.99495,3.18,0.82,11,red
6.4,0.17,0.3,2.8,0.034,33,125,0.99152,3.03,0.49,10.4,white
6.4,0.26,0.24,6.4,0.04,27,124,0.9903,3.22,0.49,12.6,white
6.5,0.17,0.54,8.5,0.082,64,163,0.9959,2.89,0.39,8.8,white
10.9,0.37,0.58,4,0.071,17,65,0.99935,3.22,0.78,10.1,red
7.5,0.35,0.28,9.6,0.051,26,157,0.9969,3.12,0.53,9.2,white
7.8,0.91,0.07,1.9,0.058,22,47,0.99525,3.51,0.43,10.7,red
12,0.63,0.5,1.4,0.071,6,26,0.99791,3.07,0.6,10.4,red
8.7,0.625,0.16,2,0.101,13,49,0.9962,3.14,0.57,11,red
7.2,0.615,0.1,1.4,0.068,25,154,0.99499,3.2,0.48,9.7,white
7.6,0.27,0.52,3.2,0.043,28,152,0.99129,3.02,0.53,11.4,white
7.8,0.26,0.44,1.3,0.037,43,132,0.9944,3.18,0.65,10,white
6.3,0.19,0.33,10.1,0.063,63,133,0.99561,2.86,0.41,9.1,white
6.3,0.2,0.24,1.7,0.052,36,135,0.99374,3.8,0.66,10.8,white
6.2,0.21,0.27,1.7,0.038,41,150,0.9933,3.49,0.71,10.5,white
6.4,0.38,0.2,5.3,0.117,57,181,0.99459,3.24,0.43,9.5,white
7.4,0.6,0.26,7.3,0.07,36,121,0.9982,3.37,0.49,9.4,red
6.3,0.21,0.29,11.7,0.048,49,147,0.99482,3.22,0.38,10.8,white
7.8,0.26,0.31,3.6,0.025,22,100,0.99066,2.99,0.47,12.1,white
6.4,0.25,0.57,1,0.062,21,122,0.99238,3,0.4,9.5,white
6.7,0.15,0.29,5,0.058,28,105,0.9946,3.52,0.44,10.2,white
7.2,0.38,0.3,1.8,0.073,31,70,0.99685,3.42,0.59,9.5,red
7.7,0.32,0.62,10.6,0.036,56,153,0.9978,3.13,0.44,8.9,white
7.1,0.36,0.4,1.95,0.033,26,118,0.98934,3.2,0.45,13.5,white
6.7,0.18,0.28,10.2,0.039,29,115,0.99469,3.11,0.45,10.9,white
7.2,0.36,0.46,2.1,0.074,24,44,0.99534,3.4,0.85,11,red
6.5,0.22,0.34,12,0.053,55,177,0.9983,3.52,0.44,9.9,white
7,0.29,0.37,1.6,0.035,34,126,0.99058,3.26,0.47,12.3,white
7.6,0.31,0.27,5.8,0.036,23,109,0.99399,3.34,0.54,11,white
7.3,0.22,0.37,14.3,0.063,48,191,0.9978,2.89,0.38,9,white
6.9,0.19,0.33,1.6,0.039,27,98,0.9898,3.09,0.46,12.3,white
7.4,0.41,0.34,4.7,0.042,19,127,0.9953,3.25,0.42,10.4,white
9.9,0.59,0.07,3.4,0.102,32,71,1.00015,3.31,0.71,9.8,red
7.2,0.63,0,1.9,0.097,14,38,0.99675,3.37,0.58,9,red
6,0.24,0.41,1.3,0.036,42,118,0.99018,3.04,0.64,11.75,white
7.1,0.13,0.4,1.2,0.047,54,134,0.9932,3.3,0.97,9.8,white
9.1,0.47,0.49,2.6,0.094,38,106,0.9982,3.08,0.59,9.1,red
6.5,0.425,0.4,13.1,0.038,59,241,0.9979,3.23,0.57,9,white
8.2,0.64,0.27,2,0.095,5,77,0.99747,3.13,0.62,9.1,red
7.1,0.29,0.28,9.3,0.048,50,141,0.9949,3.13,0.49,10.3,white
10.5,0.28,0.51,1.7,0.08,10,24,0.9982,3.2,0.89,9.4,red
5.2,0.22,0.46,6.2,0.066,41,187,0.99362,3.19,0.42,9.73333333333333,white
7.7,0.835,0,2.6,0.081,6,14,0.9975,3.3,0.52,9.3,red
5.7,0.23,0.28,9.65,0.025,26,121,0.9925,3.28,0.38,11.3,white
6.8,0.67,0.02,1.8,0.05,5,11,0.9962,3.48,0.52,9.5,red
6.7,0.46,0.24,1.7,0.077,18,34,0.9948,3.39,0.6,10.6,red
8.1,0.26,0.27,4.3,0.03,43,123,0.99212,3.16,0.33,11.2,white
7.2,0.24,0.27,11.4,0.034,40,174,0.99773,3.2,0.44,9,white
6.4,0.125,0.36,1.4,0.044,22,68,0.99014,3.15,0.5,11.7,white
5.6,0.31,0.78,13.9,0.074,23,92,0.99677,3.39,0.48,10.5,red
5.9,0.25,0.25,11.3,0.052,30,165,0.997,3.24,0.44,9.5,white
7,0.39,0.21,10.7,0.098,13,91,0.99657,3.03,0.47,9.3,white
7.5,0.63,0.27,2,0.083,17,91,0.99616,3.26,0.58,9.8,red
5.8,0.22,0.29,1.3,0.036,25,68,0.98865,3.24,0.35,12.6,white
8.9,0.21,0.37,1.2,0.028,20,93,0.99244,3.2,0.37,11.5,white
6.9,0.25,0.24,1.8,0.053,6,121,0.993,3.23,0.7,11.4,white
5.6,0.35,0.14,5,0.046,48,198,0.9937,3.3,0.71,10.3,white
10.2,0.29,0.49,2.6,0.059,5,13,0.9976,3.05,0.74,10.5,red
5.9,0.3,0.23,4.2,0.038,42,119,0.9924,3.15,0.5,11,white
11.3,0.36,0.66,2.4,0.123,3,8,0.99642,3.2,0.53,11.9,red
8.4,0.715,0.2,2.4,0.076,10,38,0.99735,3.31,0.64,9.4,red
5.8,0.15,0.49,1.1,0.048,21,98,0.9929,3.19,0.48,9.2,white
8.2,1,0.09,2.3,0.065,7,37,0.99685,3.32,0.55,9,red
6.4,0.16,0.31,5.3,0.043,42,157,0.99455,3.35,0.47,10.5,white
10.1,0.65,0.37,5.1,0.11,11,65,1.0026,3.32,0.64,10.4,red
6.7,0.16,0.32,12.5,0.035,18,156,0.99666,2.88,0.36,9,white
12.7,0.59,0.45,2.3,0.082,11,22,1,3,0.7,9.3,red
6.8,0.22,0.37,15.2,0.051,68,178,0.99935,3.4,0.85,9.3,white
8,0.37,0.32,1.6,0.04,32,166,0.992,3,0.55,11.3,white
7,0.35,0.24,1.9,0.04,21,144,0.9923,3.35,0.38,11,white
9.7,0.66,0.34,2.6,0.094,12,88,0.99796,3.26,0.66,10.1,red
6.5,0.28,0.26,8.8,0.04,44,139,0.9956,3.32,0.37,10.2,white
6.9,0.45,0.11,2.4,0.043,6,12,0.99354,3.3,0.65,11.4,red
9.5,0.56,0.33,2.4,0.089,35,67,0.9972,3.28,0.73,11.8,red
5.1,0.33,0.22,1.6,0.027,18,89,0.9893,3.51,0.38,12.5,white
7.2,0.57,0.06,1.6,0.076,9,27,0.9972,3.36,0.7,9.6,red
6.4,0.31,0.28,2.5,0.039,34,137,0.98946,3.22,0.38,12.7,white
8.7,0.82,0.02,1.2,0.07,36,48,0.9952,3.2,0.58,9.8,red
6.5,0.24,0.38,1,0.027,31,90,0.98926,3.24,0.36,12.3,white
7.4,0.55,0.19,1.8,0.082,15,34,0.99655,3.49,0.68,10.5,red
6.8,0.2,0.25,6.2,0.052,22,106,0.9935,3.09,0.54,10.8,white
8.2,0.51,0.24,2,0.079,16,86,0.99764,3.34,0.64,9.5,red
9,0.6,0.29,2,0.069,32,73,0.99654,3.34,0.57,10,red
5.9,0.24,0.26,12.3,0.053,34,134,0.9972,3.34,0.45,9.5,white
11.7,0.49,0.49,2.2,0.083,5,15,1,3.19,0.43,9.2,red
7,0.3,0.51,13.6,0.05,40,168,0.9976,3.07,0.52,9.6,white
12.3,0.5,0.49,2.2,0.089,5,14,1.0002,3.19,0.44,9.6,red
7.8,0.41,0.68,1.7,0.467,18,69,0.9973,3.08,1.31,9.3,red
6.8,0.32,0.37,3.4,0.023,19,87,0.9902,3.14,0.53,12.7,white
7.6,0.28,0.39,1.2,0.038,21,115,0.994,3.16,0.67,10,white
5.9,0.36,0.04,5.7,0.046,21,87,0.9934,3.22,0.51,10.2,white
7.9,0.53,0.24,2,0.072,15,105,0.996,3.27,0.54,9.4,red
6.3,0.33,0.2,17.9,0.066,36,161,0.9991,3.14,0.51,8.8,white
8.2,0.38,0.32,2.5,0.08,24,71,0.99624,3.27,0.85,11,red
7.9,0.4,0.3,1.8,0.157,2,45,0.99727,3.31,0.91,9.5,red
7.2,0.39,0.62,11,0.047,66,178,0.9976,3.16,0.5,8.7,white
6.2,0.35,0.31,2.6,0.036,37,92,0.98938,3.27,0.53,12.8,white
8.2,0.57,0.26,2.2,0.06,28,65,0.9959,3.3,0.43,10.1,red
13.5,0.53,0.79,4.8,0.12,23,77,1.0018,3.18,0.77,13,red
12.8,0.615,0.66,5.8,0.083,7,42,1.0022,3.07,0.73,10,red
11.3,0.37,0.5,1.8,0.09,20,47,0.99734,3.15,0.57,10.5,red
8.6,0.18,0.36,1.8,0.04,24,187,0.9956,3.25,0.55,9.5,white
7.7,0.61,0.18,2.4,0.083,6,20,0.9963,3.29,0.6,10.2,red
7.3,0.67,0.02,2.2,0.072,31,92,0.99566,3.32,0.68,11.0666666666667,red
7.9,0.5,0.33,2,0.084,15,143,0.9968,3.2,0.55,9.5,red
6.7,0.16,0.36,2,0.045,24,131,0.99284,3.3,0.59,10.5,white
8.5,0.28,0.56,1.8,0.092,35,103,0.9969,3.3,0.75,10.5,red
7.8,0.56,0.19,1.8,0.104,12,47,0.9964,3.19,0.93,9.5,red
7.9,0.545,0.06,4,0.087,27,61,0.9965,3.36,0.67,10.7,red
7,0.19,0.33,6.3,0.032,42,127,0.99182,3.31,0.38,12.2,white
7.8,0.56,0.12,2,0.082,7,28,0.997,3.37,0.5,9.4,red
6.9,0.27,0.25,7.5,0.03,18,117,0.99116,3.09,0.38,13,white
6.6,0.26,0.27,11.8,0.048,28,112,0.99606,2.87,0.49,9.7,white
7.7,0.75,0.27,3.8,0.11,34,89,0.99664,3.24,0.45,9.3,red
6.5,0.28,0.34,3.6,0.04,29,121,0.99111,3.28,0.48,12.1,white
6.2,0.51,0.14,1.9,0.056,15,34,0.99396,3.48,0.57,11.5,red
7.4,0.56,0.09,1.5,0.071,19,117,0.99496,3.22,0.53,9.8,white
9.1,0.34,0.42,1.8,0.058,9,18,0.99392,3.18,0.55,11.4,red
7.3,0.26,0.36,5.2,0.04,31,141,0.9931,3.16,0.59,11,white
6.5,0.22,0.29,7.4,0.028,16,87,0.99311,3.15,0.56,10.9,white
6.6,0.96,0,1.8,0.082,5,16,0.9936,3.5,0.44,11.9,red
5.6,0.5,0.09,2.3,0.049,17,99,0.9937,3.63,0.63,13,red
6.9,0.54,0.04,3,0.077,7,27,0.9987,3.69,0.91,9.4,red
6.6,0.8,0.03,7.8,0.079,6,12,0.9963,3.52,0.5,12.2,red
10.1,0.28,0.46,1.8,0.05,5,13,0.9974,3.04,0.79,10.2,red
7.2,0.39,0.32,1.8,0.065,34,60,0.99714,3.46,0.78,9.9,red
9.7,0.32,0.54,2.5,0.094,28,83,0.9984,3.28,0.82,9.6,red
9.4,0.24,0.33,2.3,0.061,52,73,0.99786,3.47,0.9,10.2,red
4.4,0.46,0.1,2.8,0.024,31,111,0.98816,3.48,0.34,13.1,white
7.8,0.445,0.56,1,0.04,8,84,0.9938,3.25,0.43,10.8,white
7.1,0.63,0.06,2,0.083,8,29,0.99855,3.67,0.73,9.6,red
7.6,0.42,0.25,3.9,0.104,28,90,0.99784,3.15,0.57,9.1,red
7.7,0.3,0.42,14.3,0.045,45,213,0.9991,3.18,0.63,9.2,white
7.6,0.685,0.23,2.3,0.111,20,84,0.9964,3.21,0.61,9.3,red
6,0.49,0,2.3,0.068,15,33,0.99292,3.58,0.59,12.5,red
6.8,0.64,0.03,2.3,0.075,14,31,0.99545,3.36,0.58,10.4,red
8.2,0.2,0.49,3.5,0.057,14,108,0.9928,3.19,0.35,11.5,white
8.5,0.47,0.27,1.9,0.058,18,38,0.99518,3.16,0.85,11.1,red
7.3,0.18,0.65,1.4,0.046,28,157,0.9946,3.33,0.62,9.4,white
6.8,0.24,0.34,2.7,0.047,64.5,218.5,0.9934,3.3,0.58,9.7,white
7.9,0.32,0.51,1.8,0.341,17,56,0.9969,3.04,1.08,9.2,red
7,0.69,0.07,2.5,0.091,15,21,0.99572,3.38,0.6,11.3,red
7.6,0.665,0.1,1.5,0.066,27,55,0.99655,3.39,0.51,9.3,red
8,0.52,0.25,2,0.078,19,59,0.99612,3.3,0.48,10.2,red
9.9,0.74,0.19,5.8,0.111,33,76,0.99878,3.14,0.55,9.4,red
6.5,0.29,0.52,7.9,0.049,35,192,0.99551,3.16,0.51,9.5,white
9.1,0.28,0.46,9,0.114,3,9,0.99901,3.18,0.6,10.9,red
6.7,0.3,0.45,10.6,0.032,56,212,0.997,3.22,0.59,9.5,white
5.7,0.22,0.22,16.65,0.044,39,110,0.99855,3.24,0.48,9,white
6.6,0.25,0.41,7.4,0.043,29,151,0.9946,3.15,0.6,10.2,white
6.1,0.2,0.17,1.6,0.048,46,129,0.991,3.3,0.43,11.4,white
8.7,0.69,0,3.2,0.084,13,33,0.9992,3.36,0.45,9.4,red
6.1,0.715,0.1,2.6,0.053,13,27,0.99362,3.57,0.5,11.9,red
5.8,0.28,0.66,9.1,0.039,26,159,0.9965,3.66,0.55,10.8,white
6.7,0.27,0.69,1.2,0.176,36,106,0.99288,2.96,0.43,9.2,white
9,0.4,0.43,2.4,0.068,29,46,0.9943,3.2,0.6,12.2,red
7.2,0.57,0.05,2.3,0.081,16,36,0.99564,3.38,0.6,10.3,red
9.8,0.45,0.38,2.5,0.081,34,66,0.99726,3.15,0.58,9.8,red
6.7,0.56,0.09,2.9,0.079,7,22,0.99669,3.46,0.61,10.2,red
7.1,0.2,0.37,1.5,0.049,28,129,0.99226,3.15,0.52,10.8,white
6.8,0.18,0.28,9.8,0.039,29,113,0.99406,3.11,0.45,10.9,white
7.5,0.58,0.2,2,0.073,34,44,0.99494,3.1,0.43,9.3,red
6.2,0.25,0.44,15.8,0.057,39,167,0.99804,3.14,0.51,9.2,white
7.7,0.27,0.35,5.3,0.03,30,117,0.992,3.11,0.42,12.2,white
6.3,0.255,0.37,1.1,0.04,37,114,0.9905,3,0.39,10.9,white
7,0.15,0.28,14.7,0.051,29,149,0.99792,2.96,0.39,9,white
7,0.29,0.37,4.9,0.034,26,127,0.9928,3.17,0.44,10.8,white
8.5,0.18,0.51,1.75,0.071,45,88,0.99524,3.33,0.76,11.8,red
7.6,0.23,0.49,10,0.036,45,182,0.9967,3.08,0.58,9.6,white
7.2,0.63,0.03,2.2,0.08,17,88,0.99745,3.53,0.58,9.8,red
7.3,0.51,0.18,2.1,0.07,12,28,0.99768,3.52,0.73,9.5,red
10.3,0.34,0.52,2.8,0.159,15,75,0.9998,3.18,0.64,9.4,red
7.6,0.2,0.3,14.2,0.056,53,212.5,0.999,3.14,0.46,8.9,white
7.2,0.39,0.62,11,0.047,66,178,0.9976,3.16,0.5,8.7,white
7.8,0.39,0.42,2,0.086,9,21,0.99526,3.39,0.66,11.6,red
8.2,0.4,0.31,1.9,0.082,8,24,0.996,3.24,0.69,10.6,red
8.1,0.25,0.38,3.8,0.051,18,129,0.9928,3.21,0.38,11.5,white
7.2,0.17,0.28,17.55,0.05,33,154,0.99971,2.94,0.43,9,white
6.8,0.12,0.3,12.9,0.049,32,88,0.99654,3.2,0.35,9.9,white
8.1,0.33,0.22,5.2,0.047,24,151,0.99527,3.22,0.47,10.3,white
7.9,0.24,0.4,1.6,0.056,11,25,0.9967,3.32,0.87,8.7,red
5.4,0.27,0.22,4.6,0.022,29,107,0.98889,3.33,0.54,13.8,white
5.2,0.38,0.26,7.7,0.053,20,103,0.9925,3.27,0.45,12.2,white
8.8,0.66,0.26,1.7,0.074,4,23,0.9971,3.15,0.74,9.2,red
7.8,0.42,0.23,8.8,0.054,42,215,0.9971,3.02,0.58,9.2,white
8.4,0.3,0.25,17.75,0.047,25,218,1.00016,2.98,0.66,9.1,white
6.2,0.47,0.19,8.3,0.029,24,142,0.992,3.22,0.45,12.3,white
6.2,0.16,0.54,1.4,0.126,37,110,0.9932,3.23,0.37,8.9,white
9.9,0.5,0.24,2.3,0.103,6,14,0.9978,3.34,0.52,10,red
6.8,0.26,0.32,7,0.041,38,118,0.9939,3.25,0.52,10.8,white
7.6,0.645,0.03,1.9,0.086,14,57,0.9969,3.37,0.46,10.3,red
8.2,0.5,0.35,2.9,0.077,21,127,0.9976,3.23,0.62,9.4,red
7.6,0.26,0.36,1.6,0.032,6,106,0.993,3.15,0.4,10.4,white
8.9,0.12,0.45,1.8,0.075,10,21,0.99552,3.41,0.76,11.9,red
7.2,0.655,0.03,1.8,0.078,7,12,0.99587,3.34,0.39,9.5,red
8,0.2,0.4,5.2,0.055,41,167,0.9953,3.18,0.4,10.6,white
5.6,0.39,0.24,4.7,0.034,27,77,0.9906,3.28,0.36,12.7,white
7.7,0.715,0.01,2.1,0.064,31,43,0.99371,3.41,0.57,11.8,red
10.1,0.935,0.22,3.4,0.105,11,86,1.001,3.43,0.64,11.3,red
9.2,0.31,0.36,2.2,0.079,11,31,0.99615,3.33,0.86,12,red
5.6,0.24,0.34,2,0.041,14,73,0.98981,3.04,0.45,11.6,white
6,0.27,0.15,1.5,0.056,35,128,0.9936,3.12,0.45,8.8,white
9,0.8,0.12,2.4,0.083,8,28,0.99836,3.33,0.65,10.4,red
6.7,0.16,0.32,12.5,0.035,18,156,0.99666,2.88,0.36,9,white
7.2,0.695,0.13,2,0.076,12,20,0.99546,3.29,0.54,10.1,red
7.9,0.49,0.32,1.9,0.082,17,144,0.9968,3.2,0.55,9.5,red
6.8,0.61,0.04,1.5,0.057,5,10,0.99525,3.42,0.6,9.5,red
8.2,0.3,0.44,12.4,0.043,52,154,0.99452,3.04,0.33,12,white
5.4,0.255,0.33,1.2,0.051,29,122,0.99048,3.37,0.66,11.3,white
7,0.5,0.14,1.8,0.078,10,23,0.99636,3.53,0.61,10.4,red
8,0.71,0,2.6,0.08,11,34,0.9976,3.44,0.53,9.5,red
7.6,0.43,0.31,2.1,0.069,13,74,0.9958,3.26,0.54,9.9,red
7.9,0.345,0.51,15.3,0.047,54,171,0.9987,3.09,0.51,9.1,white
5.7,0.27,0.16,9,0.053,32,111,0.99474,3.36,0.37,10.4,white
6.2,0.38,0.42,2.5,0.038,34,117,0.99132,3.36,0.59,11.6,white
9.5,0.59,0.44,2.3,0.071,21,68,0.9992,3.46,0.63,9.5,red
10.7,0.43,0.39,2.2,0.106,8,32,0.9986,2.89,0.5,9.6,red
7.7,0.38,0.23,10.8,0.03,28,95,0.99164,2.93,0.41,13.6,white
7,0.24,0.25,1.7,0.042,48,189,0.992,3.25,0.42,11.4,white
6.6,0.285,0.49,11.4,0.035,57,137,0.99732,3.08,0.54,8.9,white
9.6,0.56,0.23,3.4,0.102,37,92,0.9996,3.3,0.65,10.1,red
9.9,0.5,0.5,13.8,0.205,48,82,1.00242,3.16,0.75,8.8,red
8.9,0.48,0.53,4,0.101,3,10,0.99586,3.21,0.59,12.1,red
7.5,0.27,0.36,7,0.036,45,164,0.9939,3.03,0.33,11,white
7.5,0.28,0.34,4.2,0.028,36,116,0.991,2.99,0.41,12.3,white
6.1,0.36,0.58,15,0.044,42,115,0.9978,3.15,0.51,9,white
10.2,0.54,0.37,15.4,0.214,55,95,1.00369,3.18,0.77,9,red
7.2,0.695,0.13,2,0.076,12,20,0.99546,3.29,0.54,10.1,red
6.4,0.29,0.18,15,0.04,21,116,0.99736,3.14,0.5,9.2,white
7.3,0.22,0.5,13.7,0.049,56,189,0.9994,3.24,0.66,9,white
9.3,0.4,0.49,2.5,0.085,38,142,0.9978,3.22,0.55,9.4,red
9,0.785,0.24,1.7,0.078,10,21,0.99692,3.29,0.67,10,red
8.1,0.82,0,4.1,0.095,5,14,0.99854,3.36,0.53,9.6,red
6.4,0.5,0.2,2.4,0.059,19,112,0.99314,3.18,0.4,9.2,white
8.5,0.32,0.42,2.3,0.075,12,19,0.99434,3.14,0.71,11.8,red
7.7,0.23,0.37,1.8,0.046,23,60,0.9971,3.41,0.71,12.1,red
12.7,0.6,0.49,2.8,0.075,5,19,0.9994,3.14,0.57,11.4,red
6.4,0.64,0.21,1.8,0.081,14,31,0.99689,3.59,0.66,9.8,red
5,0.35,0.25,7.8,0.031,24,116,0.99241,3.39,0.4,11.3,white
9,0.47,0.31,2.7,0.084,24,125,0.9984,3.31,0.61,9.4,red
6,0.23,0.15,9.7,0.048,101,207,0.99571,3.05,0.3,9.1,white
6,0.5,0,1.4,0.057,15,26,0.99448,3.36,0.45,9.5,red
5.7,0.335,0.34,1,0.04,13,174,0.992,3.27,0.66,10,white
9.7,0.24,0.49,4.9,0.032,3,18,0.99368,2.85,0.54,10,white
7.7,0.24,0.29,15.3,0.044,39,194,0.9982,3.06,0.47,9.6,white
6.7,0.86,0.07,2,0.1,20,57,0.99598,3.6,0.74,11.7,red
6.2,0.25,0.38,7.9,0.045,54,208,0.99572,3.17,0.46,9.1,white
9.1,0.25,0.34,2,0.071,45,67,0.99769,3.44,0.86,10.2,red
11.1,0.42,0.47,2.65,0.085,9,34,0.99736,3.24,0.77,12.1,red
8.2,0.635,0.1,2.1,0.073,25,60,0.99638,3.29,0.75,10.9,red
6.7,0.24,0.32,9,0.023,20,109,0.99262,3.34,0.35,12.6,white
7.1,0.59,0.01,2.3,0.08,27,43,0.9955,3.42,0.58,10.7,red
7,0.56,0.17,1.7,0.065,15,24,0.99514,3.44,0.68,10.55,red
8,0.31,0.45,2.1,0.216,5,16,0.99358,3.15,0.81,12.5,red
11.6,0.23,0.57,1.8,0.074,3,8,0.9981,3.14,0.7,9.9,red
6.7,0.46,0.24,1.7,0.077,18,34,0.9948,3.39,0.6,10.6,red
5.9,0.33,0.32,8.1,0.038,9,34,0.9911,3.22,0.36,12.7,white
15.5,0.645,0.49,4.2,0.095,10,23,1.00315,2.92,0.74,11.1,red
6.8,0.18,0.3,12.8,0.062,19,171,0.99808,3,0.52,9,white
7.8,0.64,0.1,6,0.115,5,11,0.9984,3.37,0.69,10.1,red
6.4,0.53,0.09,3.9,0.123,14,31,0.9968,3.5,0.67,11,red
6.3,0.2,0.26,4.7,0.04,108,168,0.99278,3.07,0.75,10.7,white
6,0.3,0.33,2.1,0.042,31,127,0.98964,3.32,0.42,12.5,white
7.3,0.3,0.42,7.35,0.025,51,175,0.9928,3.04,0.32,11.4,white
6.3,0.27,0.49,1.2,0.063,35,92,0.9911,3.38,0.42,12.2,white
8.6,0.53,0.22,2,0.1,7,27,0.9967,3.2,0.56,10.2,red
8.1,0.67,0.55,1.8,0.117,32,141,0.9968,3.17,0.62,9.4,red
7.8,0.43,0.49,13,0.033,37,158,0.9955,3.14,0.35,11.3,white
7.4,0.19,0.31,14.5,0.045,39,193,0.9986,3.1,0.5,9.2,white
8.8,0.6,0.29,2.2,0.098,5,15,0.9988,3.36,0.49,9.1,red
9.1,0.29,0.33,2.05,0.063,13,27,0.99516,3.26,0.84,11.7,red
6.6,0.24,0.33,10.1,0.032,8,81,0.99626,3.19,0.51,9.8,white
6.8,0.19,0.4,9.85,0.055,41,103,0.99532,2.98,0.56,10.5,white
7.4,0.21,0.3,7.9,0.039,14,118,0.9942,2.96,0.34,10.4,white
8.8,0.44,0.49,2.8,0.083,18,111,0.9982,3.3,0.6,9.5,red
6.9,0.35,0.55,11.95,0.038,22,111,0.99687,3.11,0.29,9.7,white
6.8,0.22,0.3,13.6,0.055,50,180,0.9984,3.44,0.39,9.8,white
6.6,0.2,0.32,1.1,0.039,25,78,0.9926,3.39,0.54,10.2,white
6,0.28,0.25,1.8,0.042,8,108,0.9929,3.08,0.55,9,white
6.9,0.32,0.13,7.8,0.042,11,117,0.996,3.23,0.37,9.2,white
6.4,0.28,0.22,12.8,0.039,51,150,0.99535,3.23,0.43,10.7,white
8.2,0.39,0.49,2.3,0.099,47,133,0.9979,3.38,0.99,9.8,red
7.1,0.21,0.72,1.6,0.167,65,120,0.99324,2.97,0.51,9.2,white
6.1,0.16,0.34,6.1,0.034,31,114,0.99365,3.32,0.58,10.1333333333333,white
7,0.23,0.42,18.05,0.05,35,144,0.9999,3.22,0.42,8.8,white
5.9,0.44,0.33,1.2,0.049,12,117,0.99134,3.46,0.44,11.5,white
6.2,0.56,0.09,1.7,0.053,24,32,0.99402,3.54,0.6,11.3,red
6.2,0.33,0.19,5.6,0.042,22,143,0.99425,3.15,0.63,9.9,white
7.8,0.24,0.18,6.7,0.046,33,160,0.9963,3.2,0.56,9.8,white
12.5,0.6,0.49,4.3,0.1,5,14,1.001,3.25,0.74,11.9,red
11.5,0.31,0.51,2.2,0.079,14,28,0.9982,3.03,0.93,9.8,red
7.3,0.42,0.38,6.8,0.045,29,122,0.9925,3.19,0.37,12.6,white
6.2,0.33,0.27,4.9,0.036,30,134,0.9927,3.2,0.42,10.4,white
8.7,0.63,0.28,2.7,0.096,17,69,0.99734,3.26,0.63,10.2,red
6.7,0.21,0.34,1.4,0.049,36,112,0.99091,3.02,0.5,11,white
7.2,0.25,0.19,8,0.044,51,172,0.9964,3.16,0.44,9.2,white
6.6,0.18,0.35,1.5,0.049,49,141,0.9934,3.43,0.85,10.2,white
7.9,0.57,0.31,2,0.079,10,79,0.99677,3.29,0.69,9.5,red
11.9,0.38,0.51,2,0.121,7,20,0.9996,3.24,0.76,10.4,red
7.6,0.51,0.24,2.4,0.091,8,38,0.998,3.47,0.66,9.6,red
9.5,0.57,0.27,2.3,0.082,23,144,0.99782,3.27,0.55,9.4,red
6.9,0.34,0.36,1.4,0.032,13,145,0.99214,3.07,0.52,9.8,white
5.9,0.17,0.3,1.4,0.042,25,119,0.9931,3.68,0.72,10.5,white
11.6,0.58,0.66,2.2,0.074,10,47,1.0008,3.25,0.57,9,red
7.1,0.29,0.34,7.8,0.036,49,128,0.99397,3.21,0.4,10.7,white
9,0.62,0.04,1.9,0.146,27,90,0.9984,3.16,0.7,9.4,red
8,0.4,0.33,7.7,0.034,27,98,0.9935,3.18,0.41,12.2,white
7.8,0.43,0.32,2.8,0.08,29,58,0.9974,3.31,0.64,10.3,red
7.6,0.19,0.38,10.6,0.06,48,174,0.9962,3.13,0.38,10.5,white
7.6,0.55,0.21,2.2,0.071,7,28,0.9964,3.28,0.55,9.7,red
7,0.21,0.34,8.5,0.033,31,253,0.9953,3.22,0.56,10.5,white
6.6,0.35,0.34,4.9,0.032,9,125,0.99253,3.32,0.81,12,white
8.2,0.21,0.48,1.4,0.041,11,99,0.9958,3.17,0.57,9.9,white
7.6,0.54,0.13,2.5,0.097,24,66,0.99785,3.39,0.61,9.4,red
12,0.45,0.55,2,0.073,25,49,0.9997,3.1,0.76,10.3,red
5.9,0.61,0.08,2.1,0.071,16,24,0.99376,3.56,0.77,11.1,red
8,0.48,0.34,2.2,0.073,16,25,0.9936,3.28,0.66,12.4,red
8,0.23,0.46,1.5,0.03,30,125,0.9907,3.23,0.47,12.5,white
10.4,0.33,0.63,2.8,0.084,5,22,0.9998,3.26,0.74,11.2,red
6.4,0.15,0.4,1.5,0.042,23,87,0.98972,3.11,0.46,12.2,white
4.9,0.42,0,2.1,0.048,16,42,0.99154,3.71,0.74,14,red
8.4,0.56,0.04,2,0.082,10,22,0.9976,3.22,0.44,9.6,red
9.7,0.69,0.32,2.5,0.088,22,91,0.9979,3.29,0.62,10.1,red
7.2,0.62,0.06,2.7,0.077,15,85,0.99746,3.51,0.54,9.5,red
6.5,0.27,0.19,4.2,0.046,6,114,0.9955,3.25,0.35,8.6,white
5.7,0.28,0.36,1.8,0.041,38,90,0.99002,3.27,0.98,11.9,white
7.8,0.34,0.37,2,0.082,24,58,0.9964,3.34,0.59,9.4,red
6.7,0.34,0.26,1.9,0.038,58,138,0.9893,3,0.47,12.2,white
7.7,0.24,0.31,1.3,0.047,33,106,0.993,3.22,0.55,10.8,white
6,0.26,0.15,1.2,0.053,35,124,0.99347,3.08,0.46,8.8,white
7.3,0.2,0.37,1.2,0.037,48,119,0.992,3.32,0.49,10.9,white
8.2,0.635,0.1,2.1,0.073,25,60,0.99638,3.29,0.75,10.9,red
7.1,0.39,0.12,2.1,0.065,14,24,0.99252,3.3,0.53,13.3,red
6.4,0.22,0.32,7.9,0.029,34,124,0.9948,3.4,0.39,10.2,white
11,0.3,0.58,2.1,0.054,7,19,0.998,3.31,0.88,10.5,red
6.8,0.17,0.35,1.8,0.04,29,84,0.98961,2.91,0.57,12,white
6,0.21,0.34,2,0.042,63,123,0.99052,3.44,0.42,11.4,white
9,0.46,0.23,2.8,0.092,28,104,0.9983,3.1,0.56,9.2,red
9,0.26,0.34,6.7,0.029,21,162,0.99497,3.08,0.5,10.6,white
8.3,0.2,0.49,1.7,0.038,38,167,0.9939,3.05,0.37,10.1,white
6.2,0.56,0.09,1.7,0.053,24,32,0.99402,3.54,0.6,11.3,red
7.3,0.4,0.28,6.5,0.037,26,97,0.99148,3.16,0.58,12.6,white
5,0.38,0.01,1.6,0.048,26,60,0.99084,3.7,0.75,14,red
7.5,0.25,0.47,4.1,0.041,95,163,0.99184,2.92,0.59,11.3,white
10,0.59,0.31,2.2,0.09,26,62,0.9994,3.18,0.63,10.2,red
9.4,0.28,0.3,1.6,0.045,36,139,0.99534,3.11,0.49,9.3,white
7.1,0.21,0.35,2.5,0.04,41,186,0.99128,3.32,0.56,12.5,white
8.2,0.32,0.42,2.3,0.098,3,9,0.99506,3.27,0.55,12.3,red
5.8,0.3,0.23,1.5,0.034,37,121,0.98871,2.96,0.34,12.1,white
9,0.44,0.49,2.4,0.078,26,121,0.9978,3.23,0.58,9.2,red
9.2,0.755,0.18,2.2,0.148,10,103,0.9969,2.87,1.36,10.2,red
8,0.28,0.3,8.4,0.03,35,115,0.99192,2.93,0.42,12.3,white
8.9,0.31,0.57,2,0.111,26,85,0.9971,3.26,0.53,9.7,red
6.7,0.23,0.42,11.2,0.047,52,171,0.99758,3.54,0.74,10.4,white
11.9,0.38,0.49,2.7,0.098,12,42,1.0004,3.16,0.61,10.3,red
7.7,0.69,0.05,2.7,0.075,15,27,0.9974,3.26,0.61,9.1,red
7.9,0.3,0.68,8.3,0.05,37.5,278,0.99316,3.01,0.51,12.3,red
5.8,0.3,0.38,4.9,0.039,22,86,0.98963,3.23,0.58,13.1,white
7.5,0.6,0.03,1.8,0.095,25,99,0.995,3.35,0.54,10.1,red
7.4,0.19,0.3,1.4,0.057,33,135,0.993,3.12,0.5,9.6,white
8,0.28,0.44,1.8,0.081,28,68,0.99501,3.36,0.66,11.2,red
6.7,0.18,0.24,10.3,0.057,64,185,0.99519,3.12,0.5,10.6,white
7.1,0.6,0.01,2.3,0.079,24,37,0.99514,3.4,0.61,10.9,red
5.2,0.49,0.26,2.3,0.09,23,74,0.9953,3.71,0.62,12.2,red
10.4,0.41,0.55,3.2,0.076,22,54,0.9996,3.15,0.89,9.9,red
7,0.62,0.08,1.8,0.076,8,24,0.9978,3.48,0.53,9,red
7.4,0.2,0.43,7.8,0.045,27,153,0.9964,3.19,0.55,9,white
9.2,0.52,1,3.4,0.61,32,69,0.9996,2.74,2.0,9.4,red
5.8,0.32,0.38,4.75,0.033,23,94,0.991,3.42,0.42,11.8,white
8.8,0.27,0.46,2.1,0.095,20,29,0.99488,3.26,0.56,11.3,red
6.4,0.3,0.27,5,0.058,27,151,0.99198,3.22,0.49,12.2,white
6.3,0.28,0.3,3.1,0.039,24,115,0.9942,3.05,0.43,8.6,white
5.6,0.615,0,1.6,0.089,16,59,0.9943,3.58,0.52,9.9,red
6.7,0.75,0.01,2.4,0.078,17,32,0.9955,3.55,0.61,12.8,red
6.8,0.15,0.3,5.3,0.05,40,127,0.9942,3.4,0.39,9.7,white
8.1,0.575,0.22,2.1,0.077,12,65,0.9967,3.29,0.51,9.2,red
6.9,0.14,0.38,1,0.041,22,81,0.99043,3.03,0.54,11.4,white
9.5,0.39,0.41,8.9,0.069,18,39,0.99859,3.29,0.81,10.9,red
5.7,0.6,0,1.4,0.063,11,18,0.99191,3.45,0.56,12.2,red
11.6,0.44,0.64,2.1,0.059,5,15,0.998,3.21,0.67,10.2,red
7.9,0.545,0.06,4,0.087,27,61,0.9965,3.36,0.67,10.7,red
6.8,0.63,0.12,3.8,0.099,16,126,0.9969,3.28,0.61,9.5,red
8,0.6,0.08,2.6,0.056,3,7,0.99286,3.22,0.37,13,red
9.7,0.42,0.46,2.1,0.074,5,16,0.99649,3.27,0.74,12.3,red
6.7,0.17,0.37,2,0.039,34,125,0.9922,3.26,0.6,10.8,white
9.4,0.41,0.48,4.6,0.072,10,20,0.9973,3.34,0.79,12.2,red
9.4,0.615,0.28,3.2,0.087,18,72,1.0001,3.31,0.53,9.7,red
5.9,0.29,0.25,13.4,0.067,72,160,0.99721,3.33,0.54,10.3,red
7.1,0.27,0.6,2.1,0.074,17,25,0.99814,3.38,0.72,10.6,red
7.3,0.305,0.39,1.2,0.059,7,11,0.99331,3.29,0.52,11.5,red
6.7,0.37,0.41,6.3,0.061,22,149,0.9953,3.16,0.47,9.6,white
7.5,0.77,0.2,8.1,0.098,30,92,0.99892,3.2,0.58,9.2,red
6.8,0.24,0.29,2,0.044,15,96,0.99232,3.23,0.64,10.4,white
7.1,0.43,0.17,1.8,0.082,27,51,0.99634,3.49,0.64,10.4,red
9.9,0.5,0.5,13.8,0.205,48,82,1.00242,3.16,0.75,8.8,red
9.9,0.54,0.45,2.3,0.071,16,40,0.9991,3.39,0.62,9.4,red
6.8,0.23,0.29,15.4,0.073,56,173,0.9984,3.06,0.41,8.7,white
7.3,0.67,0.05,3.6,0.107,6,20,0.9972,3.4,0.63,10.1,red
8.3,0.33,0.42,2.3,0.07,9,20,0.99426,3.38,0.77,12.7,red
7.2,0.46,0.65,10.4,0.05,76,192,0.9976,3.16,0.42,8.7,white
6.9,0.58,0.2,1.75,0.058,8,22,0.99322,3.38,0.49,11.7,red
5.8,0.31,0.33,1.2,0.036,23,99,0.9916,3.18,0.6,10.5,white
7.6,0.49,0.33,1.9,0.074,27,85,0.99706,3.41,0.58,9,red
6.6,0.15,0.32,6,0.033,59,128,0.99192,3.19,0.71,12.1,white
6.7,0.27,0.12,1.3,0.041,62,138,0.9921,3.21,0.42,10,white
9.3,0.655,0.26,2,0.096,5,35,0.99738,3.25,0.42,9.6,red
5.2,0.645,0,2.15,0.08,15,28,0.99444,3.78,0.61,12.5,red
6.1,0.105,0.31,1.3,0.037,55,145,0.9912,3.41,0.41,11.1,white
7.9,0.18,0.49,5.2,0.051,36,157,0.9953,3.18,0.48,10.6,white
6,0.52,0.33,7.7,0.046,24,119,0.99224,3.04,0.38,11,white
8.6,0.17,0.28,2.7,0.047,38,150,0.99365,3.1,0.56,10.8,white
7.4,0.64,0.17,5.4,0.168,52,98,0.99736,3.28,0.5,9.5,red
6.4,0.26,0.42,9.7,0.044,30,140,0.9962,3.18,0.47,9.1,white
11.9,0.39,0.69,2.8,0.095,17,35,0.9994,3.1,0.61,10.8,red
6.5,0.46,0.14,2.4,0.114,9,37,0.99732,3.66,0.65,9.8,red
8.5,0.21,0.52,1.9,0.09,9,23,0.99648,3.36,0.67,10.4,red
6.3,0.51,0.13,2.3,0.076,29,40,0.99574,3.42,0.75,11,red
6.5,0.27,0.19,6.6,0.045,98,175,0.99364,3.16,0.34,10.1,white
6.3,0.6,0.1,1.6,0.048,12,26,0.99306,3.55,0.51,12.1,red
7.3,0.25,0.36,13.1,0.05,35,200,0.9986,3.04,0.46,8.9,white
8.2,0.24,0.34,5.1,0.062,8,22,0.9974,3.22,0.94,10.9,red
9.3,0.38,0.48,3.8,0.132,3,11,0.99577,3.23,0.57,13.2,red
6.7,0.19,0.39,1,0.032,14,71,0.98912,3.31,0.38,13,white
7.3,0.45,0.36,5.9,0.074,12,87,0.9978,3.33,0.83,10.5,red
6,0.28,0.35,1.9,0.037,16,120,0.9933,3.16,0.69,10.6,white
6.4,0.17,0.32,2.4,0.048,41,200,0.9938,3.5,0.5,9.7,white
7.1,0.71,0,1.9,0.08,14,35,0.9972,3.47,0.55,9.4,red
6.4,0.37,0.37,4.85,0.041,39.5,216.5,0.99432,3.1,0.5,9.8,white
5.2,0.48,0.04,1.6,0.054,19,106,0.9927,3.54,0.62,12.2,red
9.9,0.25,0.46,1.7,0.062,26,42,0.9959,3.18,0.83,10.6,red
7.1,0.26,0.34,14.4,0.067,35,189,0.9986,3.07,0.53,9.1,white
10,0.23,0.27,14.1,0.033,45,166,0.9988,2.72,0.43,9.7,white
8.6,0.47,0.47,2.4,0.074,7,29,0.9979,3.08,0.46,9.5,red
7,0.34,0.3,1.8,0.045,44,142,0.9914,2.99,0.45,10.8,white
8.2,0.18,0.28,8.5,0.035,41,140,0.9952,3.04,0.37,10.1,white
6.9,0.41,0.31,2,0.079,21,51,0.99668,3.47,0.55,9.5,red
6.4,0.29,0.3,6.5,0.209,62,156,0.99478,3.1,0.4,9.4,white
6.6,0.23,0.26,1.3,0.045,16,128,0.9934,3.36,0.6,10,white
7.4,1.185,0,4.25,0.097,5,14,0.9966,3.63,0.54,10.7,red
8.4,0.56,0.08,2.1,0.105,16,44,0.9958,3.13,0.52,11,red
6.9,0.84,0.21,4.1,0.074,16,65,0.99842,3.53,0.72,9.25,red
5.9,0.32,0.26,1.5,0.057,17,141,0.9917,3.24,0.36,10.7,white
11.9,0.43,0.66,3.1,0.109,10,23,1,3.15,0.85,10.4,red
7.3,0.39,0.37,1.1,0.043,36,113,0.991,3.39,0.48,12.7,white
7.1,0.26,0.3,2,0.031,13,128,0.9917,3.19,0.49,11.4,white
5.8,0.34,0.21,7.2,0.041,48,146,0.99441,3.16,0.49,9.8,white
14,0.41,0.63,3.8,0.089,6,47,1.0014,3.01,0.81,10.8,red
7.1,0.34,0.32,2,0.051,29,130,0.99354,3.3,0.5,10.4,white
9.7,0.55,0.17,2.9,0.087,20,53,1.0004,3.14,0.61,9.4,red
7,0.57,0,2,0.19,12,45,0.99676,3.31,0.6,9.4,red
5.9,0.44,0,1.6,0.042,3,11,0.9944,3.48,0.85,11.7,red
9.1,0.4,0.57,4.6,0.08,6,20,0.99652,3.28,0.57,12.5,red
10.7,0.46,0.39,2,0.061,7,15,0.9981,3.18,0.62,9.5,red
6.9,0.38,0.29,13.65,0.048,52,189,0.99784,3,0.6,9.5,white
10.4,0.44,0.42,1.5,0.145,34,48,0.99832,3.38,0.86,9.9,red
5.7,0.25,0.26,12.5,0.049,52.5,106,0.99691,3.08,0.45,9.4,white
6.2,0.63,0.31,1.7,0.088,15,64,0.9969,3.46,0.79,9.3,red
7.2,0.605,0.02,1.9,0.096,10,31,0.995,3.46,0.53,11.8,red
6.4,0.57,0.14,3.9,0.07,27,73,0.99669,3.32,0.48,9.2,red
5.8,0.3,0.33,3.5,0.033,25,116,0.99057,3.2,0.44,11.7,white
6.4,0.28,0.43,7.1,0.045,60,221,0.9952,3.09,0.45,9.4,white
13.3,0.29,0.75,2.8,0.084,23,43,0.9986,3.04,0.68,11.4,red
6.5,0.36,0.28,3.2,0.037,29,119,0.9908,3.25,0.65,12.4,white
5.4,0.74,0.09,1.7,0.089,16,26,0.99402,3.67,0.56,11.6,red
7,0.65,0.02,2.1,0.066,8,25,0.9972,3.47,0.67,9.5,red
12.3,0.39,0.63,2.3,0.091,6,18,1.0004,3.16,0.49,9.5,red
9.1,0.22,0.24,2.1,0.078,1,28,0.999,3.41,0.87,10.3,red
7.3,0.695,0,2.5,0.075,3,13,0.998,3.49,0.52,9.2,red
7.3,0.32,0.23,13.7,0.05,49,197,0.9985,3.2,0.46,8.7,white
6.2,0.52,0.08,4.4,0.071,11,32,0.99646,3.56,0.63,11.6,red
9.1,0.785,0,2.6,0.093,11,28,0.9994,3.36,0.86,9.4,red
7.4,0.16,0.33,1.2,0.042,47,121,0.99198,3.04,0.68,10.5,white
6.3,0.21,0.4,1.7,0.031,48,134,0.9917,3.42,0.49,11.5,white
7,0.2,0.31,8,0.05,29,213,0.99596,3.28,0.57,10.4,white
8.5,0.66,0.2,2.1,0.097,23,113,0.99733,3.13,0.48,9.2,red
7,0.54,0,2.1,0.079,39,55,0.9956,3.39,0.84,11.4,red
6.6,0.25,0.3,14.4,0.052,40,183,0.998,3.02,0.5,9.1,white
6.1,0.17,0.27,1.5,0.056,45,135,0.9924,3.2,0.43,10.2,white
6.5,0.14,0.33,7.6,0.05,53,189,0.9966,3.25,0.49,8.6,white
6.8,0.32,0.34,6,0.05,5,129,0.9953,3.19,0.4,9.1,white
6.4,0.29,0.24,3.2,0.037,31,95,0.98942,2.9,0.66,12.6,white
7.4,0.26,0.3,7.9,0.049,38,157,0.9963,3.13,0.48,8.9,white
7,0.46,0.39,6.2,0.039,46,163,0.9928,3.21,0.35,12.2,white
6.5,0.16,0.33,1,0.027,23,75,0.9908,3.3,0.39,11.4,white
6.8,0.19,0.34,1.9,0.04,41,108,0.99,3.25,0.45,12.9,white
7,0.48,0.12,4.5,0.05,23,86,0.99398,2.86,0.35,9,white
8.6,0.52,0.38,1.5,0.096,5,18,0.99666,3.2,0.52,9.4,red
7.4,0.22,0.28,9,0.046,22,121,0.99468,3.1,0.55,10.8,white
6.5,0.33,0.72,1.1,0.061,7,151,0.993,3.09,0.57,9.5,white
6,0.32,0.3,1.3,0.025,18,112,0.98802,3.07,0.64,13.3,white
6.6,0.52,0.04,2.2,0.069,8,15,0.9956,3.4,0.63,9.4,red
6.4,0.39,0.33,3.3,0.046,12,53,0.99294,3.36,0.62,12.2,red
7.5,0.13,0.38,1.1,0.023,42,104,0.99112,3.28,0.53,11.8,white
7.7,0.31,0.26,7.8,0.031,23,90,0.9944,3.13,0.5,10.4,white
7.8,0.32,0.33,10.4,0.031,47,194,0.99692,3.07,0.58,9.6,white
6.6,0.22,0.29,14.4,0.046,39,118,0.99834,3.05,0.5,9.1,white
7.6,0.31,0.34,2.5,0.082,26,35,0.99356,3.22,0.59,12.5,red
6.2,0.21,0.52,6.5,0.047,28,123,0.99418,3.22,0.49,9.9,white
12,0.39,0.66,3,0.093,12,30,0.9996,3.18,0.63,10.8,red
8.1,0.72,0.09,2.8,0.084,18,49,0.9994,3.43,0.72,11.1,red
6.1,0.48,0.09,1.7,0.078,18,30,0.99402,3.45,0.54,11.2,red
7.2,0.18,0.45,4.4,0.046,57,166,0.9943,3.13,0.62,11.2,white
8.1,0.545,0.18,1.9,0.08,13,35,0.9972,3.3,0.59,9,red
11.9,0.38,0.49,2.7,0.098,12,42,1.0004,3.16,0.61,10.3,red
8.3,0.34,0.4,2.4,0.065,24,48,0.99554,3.34,0.86,11,red
8,0.715,0.22,2.3,0.075,13,81,0.99688,3.24,0.54,9.5,red
6.6,0.36,0.52,10.1,0.05,29,140,0.99628,3.07,0.4,9.4,white
8.2,0.885,0.2,1.4,0.086,7,31,0.9946,3.11,0.46,10,red
9.2,0.53,0.24,2.6,0.078,28,139,0.99788,3.21,0.57,9.5,red
10,0.32,0.59,2.2,0.077,3,15,0.9994,3.2,0.78,9.6,red
6.1,0.21,0.4,1.4,0.066,40.5,165,0.9912,3.25,0.59,11.9,red
10.8,0.5,0.46,2.5,0.073,5,27,1.0001,3.05,0.64,9.5,red
9,0.48,0.32,2.8,0.084,21,122,0.9984,3.32,0.62,9.4,red
12.6,0.39,0.49,2.5,0.08,8,20,0.9992,3.07,0.82,10.3,red
6.3,0.23,0.3,1.8,0.033,16,91,0.9906,3.28,0.4,11.8,white
8,0.23,0.28,2.7,0.048,49,165,0.9952,3.26,0.72,9.5,white
7.2,0.62,0.06,2.7,0.077,15,85,0.99746,3.51,0.54,9.5,red
7.6,0.17,0.35,1.6,0.047,43,154,0.9934,3.36,0.69,11.1,white
6.4,0.69,0,1.65,0.055,7,12,0.99162,3.47,0.53,12.9,red
8,0.23,0.41,1.1,0.048,35,150,0.99168,3.09,0.47,11.2,white
6.6,0.18,0.26,17.3,0.051,17,149,0.9984,3,0.43,9.4,white
8.9,0.59,0.5,2,0.337,27,81,0.9964,3.04,1.61,9.5,red
5.6,0.19,0.26,1.4,0.03,12,76,0.9905,3.25,0.37,10.9,white
8.1,0.25,0.34,10.1,0.05,30,121,0.99724,3.17,0.49,10.1,white
6.7,0.29,0.45,14.3,0.054,30,181,0.99869,3.14,0.57,9.1,white
7.7,0.43,1,19.95,0.032,42,164,0.99742,3.29,0.5,12,white
5.7,0.33,0.32,1.4,0.043,28,93,0.9897,3.31,0.5,12.3,white
6,0.42,0.19,2,0.075,22,47,0.99522,3.39,0.78,10,red
7,0.15,0.28,14.7,0.051,29,149,0.99792,2.96,0.39,9,white
7.1,0.26,0.37,5.5,0.025,31,105,0.99082,3.06,0.33,12.6,white
7.4,0.18,0.3,10.4,0.045,44,174,0.9966,3.11,0.57,9.7,white
8,0.43,0.36,2.3,0.075,10,48,0.9976,3.34,0.46,9.4,red
6.7,0.19,0.39,1,0.032,14,71,0.98912,3.31,0.38,13,white
8.4,0.31,0.31,0.95,0.021,52,148,0.99038,2.93,0.32,11.5,white
6.4,0.26,0.49,6.4,0.037,37,161,0.9954,3.38,0.53,9.7,white
7.2,0.65,0.02,2.3,0.094,5,31,0.9993,3.67,0.8,9.7,red
7.3,0.48,0.32,2.1,0.062,31,54,0.99728,3.3,0.65,10,red
7.1,0.2,0.31,6.85,0.053,32,211,0.99587,3.31,0.59,10.4,white
6.3,0.3,0.91,8.2,0.034,50,199,0.99394,3.39,0.49,11.7,white
9.2,0.59,0.24,3.3,0.101,20,47,0.9988,3.26,0.67,9.6,red
7.2,0.23,0.32,8.5,0.058,47,186,0.9956,3.19,0.4,9.9,white
8,0.745,0.56,2,0.118,30,134,0.9968,3.24,0.66,9.4,red
6.5,0.28,0.28,20.4,0.041,40,144,1.0002,3.14,0.38,8.7,white
6.8,0.15,0.41,12.9,0.044,79.5,183,0.99742,3.24,0.78,10.2,white
8.8,0.61,0.14,2.4,0.067,10,42,0.9969,3.19,0.59,9.5,red
6.9,0.34,0.3,4.7,0.029,34,148,0.99165,3.36,0.49,12.3,white
13.2,0.46,0.52,2.2,0.071,12,35,1.0006,3.1,0.56,9,red
7.4,0.24,0.29,10.1,0.05,21,105,0.9962,3.13,0.35,9.5,white
6.1,0.27,0.31,1.5,0.035,17,83,0.99076,3.32,0.44,11.1,white
6,0.29,0.2,12.6,0.045,45,187,0.9972,3.33,0.42,9.5,white
6.6,0.27,0.33,1.4,0.042,24,183,0.99215,3.29,0.46,10.7,white
6,0.32,0.33,9.9,0.032,22,90,0.99258,3.1,0.43,12.1,white
6.2,0.43,0.22,1.8,0.078,21,56,0.99633,3.52,0.6,9.5,red
7.7,0.27,0.68,3.5,0.358,5,10,0.9972,3.25,1.08,9.9,red
6.9,0.52,0.25,2.6,0.081,10,37,0.99685,3.46,0.5,11,red
6.7,0.3,0.5,12.1,0.045,38,127,0.9974,3.04,0.53,8.9,white
6.6,0.24,0.22,12.3,0.051,35,146,0.99676,3.1,0.67,9.4,white
6.4,0.17,0.34,1.5,0.091,42,135,0.9938,3.25,0.49,9.6,white
6.6,0.34,0.4,8.1,0.046,68,170,0.99494,3.15,0.5,9.53333333333333,white
7.4,0.37,0.26,9.6,0.05,33,134,0.99608,3.13,0.46,10.4,white
6.1,0.3,0.3,2.1,0.031,50,163,0.9895,3.39,0.43,12.7,white
8.7,0.46,0.31,2.5,0.126,24,64,0.99746,3.1,0.74,9.6,red
8,0.2,0.3,8.1,0.037,42,130,0.99379,3.1,0.67,11.8,white
7,0.22,0.33,2.1,0.052,15,76,0.993,3.2,0.41,10.6,white
9.9,0.57,0.25,2,0.104,12,89,0.9963,3.04,0.9,10.1,red
6.3,0.37,0.51,6.3,0.048,35,146,0.9943,3.1,1.01,10.5,white
10.1,0.37,0.34,2.4,0.085,5,17,0.99683,3.17,0.65,10.6,red
6.8,0.56,0.03,1.7,0.084,18,35,0.9968,3.44,0.63,10,red
9.1,0.775,0.22,2.2,0.079,12,48,0.9976,3.18,0.51,9.6,red
7.6,0.54,0.02,1.7,0.085,17,31,0.99589,3.37,0.51,10.4,red
6.1,0.25,0.18,10.5,0.049,41,124,0.9963,3.14,0.35,10.5,white
7.3,0.55,0.01,1.8,0.093,9,15,0.99514,3.35,0.58,11,red
8.4,0.62,0.09,2.2,0.084,11,108,0.9964,3.15,0.66,9.8,red
5.4,0.22,0.29,1.2,0.045,69,152,0.99178,3.76,0.63,11,white
6.7,0.67,0.02,1.9,0.061,26,42,0.99489,3.39,0.82,10.9,red
7.7,0.11,0.34,14.05,0.04,41,114,0.99634,3.07,0.59,11,white
8.2,0.23,0.42,1.9,0.069,9,17,0.99376,3.21,0.54,12.3,red
8.2,0.2,0.43,2.5,0.076,31,51,0.99672,3.53,0.81,10.4,red
7.8,0.17,0.5,1.3,0.045,35,140,0.9904,3.16,0.4,12,white
6.3,0.23,0.22,17.45,0.054,42,151,0.99853,3.12,0.6,9.3,white
7.4,0.21,0.27,1.2,0.041,27,99,0.9927,3.19,0.33,9.8,white
5.6,0.66,0,2.2,0.087,3,11,0.99378,3.71,0.63,12.8,red
7.8,0.26,0.49,3.2,0.027,28,87,0.9919,3.03,0.32,11.3,white
7.3,0.32,0.34,6.6,0.032,24,112,0.99505,3.22,0.46,9.8,white
12,0.37,0.76,4.2,0.066,7,38,1.0004,3.22,0.6,13,red
6.8,0.2,0.36,1.6,0.028,7,46,0.99175,3.21,0.6,10.9,white
6.4,0.46,0.22,14.7,0.047,51,183,0.998275,3.39,0.6,10.5,white
7.8,0.32,0.33,10.4,0.031,47,194,0.99692,3.07,0.58,9.6,white
7.8,0.3,0.29,16.85,0.054,23,135,0.9998,3.16,0.38,9,white
8.7,0.42,0.45,2.4,0.072,32,59,0.99617,3.33,0.77,12,red
8.1,0.33,0.44,1.5,0.042,6,12,0.99542,3.35,0.61,10.7,red
11.4,0.6,0.49,2.7,0.085,10,41,0.9994,3.15,0.63,10.5,red
13,0.47,0.49,4.3,0.085,6,47,1.0021,3.3,0.68,12.7,red
11.8,0.26,0.52,1.8,0.071,6,10,0.9968,3.2,0.72,10.2,red
8.4,0.29,0.4,1.7,0.067,8,20,0.99603,3.39,0.6,10.5,red
7.4,0.61,0.01,2,0.074,13,38,0.99748,3.48,0.65,9.8,red
7.1,0.22,0.74,2.7,0.044,42,144,0.991,3.31,0.41,12.2,white
6.8,0.39,0.34,7.4,0.02,38,133,0.99212,3.18,0.44,12,white
10.6,0.44,0.68,4.1,0.114,6,24,0.997,3.06,0.66,13.4,red
7.4,0.63,0.07,2.4,0.09,11,37,0.9979,3.43,0.76,9.7,red
5.8,0.2,0.34,1,0.035,40,86,0.98993,3.5,0.42,11.7,white
10.6,1.02,0.43,2.9,0.076,26,88,0.9984,3.08,0.57,10.1,red
5.6,0.26,0.5,11.4,0.029,25,93,0.99428,3.23,0.49,10.5,white
8.4,0.39,0.1,1.7,0.075,6,25,0.99581,3.09,0.43,9.7,red
8.3,0.845,0.01,2.2,0.07,5,14,0.9967,3.32,0.58,11,red
9.1,0.6,0,1.9,0.058,5,10,0.9977,3.18,0.63,10.4,red
7.6,0.68,0.02,1.3,0.072,9,20,0.9965,3.17,1.08,9.2,red
7,0.43,0.02,1.9,0.08,15,28,0.99492,3.35,0.81,10.6,red
6.8,0.915,0.29,4.8,0.07,15,39,0.99577,3.53,0.54,11.1,red
8.1,0.38,0.28,2.1,0.066,13,30,0.9968,3.23,0.73,9.7,red
11.9,0.58,0.66,2.5,0.072,6,37,0.9992,3.05,0.56,10,red
6.4,0.28,0.36,1.3,0.053,28,186,0.99211,3.31,0.45,10.8,white
9.5,0.885,0.27,2.3,0.084,31,145,0.9978,3.24,0.53,9.4,red
6.1,0.58,0.23,2.5,0.044,16,70,0.99352,3.46,0.65,12.5,red
9.3,0.61,0.26,3.4,0.09,25,87,0.99975,3.24,0.62,9.7,red
7.1,0.43,0.42,5.5,0.07,29,129,0.9973,3.42,0.72,10.5,red
10.9,0.53,0.49,4.6,0.118,10,17,1.0002,3.07,0.56,11.7,red
7.4,0.24,0.42,14,0.066,48,198,0.9979,2.89,0.42,8.9,white
8.6,0.635,0.68,1.8,0.403,19,56,0.99632,3.02,1.15,9.3,red
5.4,0.5,0.13,5,0.028,12,107,0.99079,3.48,0.88,13.5,white
7.4,0.19,0.3,12.8,0.053,48.5,229,0.9986,3.14,0.49,9.1,white
7.6,0.21,0.44,1.9,0.036,10,119,0.9913,3.01,0.7,12.8,white
6,0.27,0.19,1.7,0.02,24,110,0.9898,3.32,0.47,12.6,white
10.1,0.45,0.23,1.9,0.082,10,18,0.99774,3.22,0.65,9.3,red
9.6,0.56,0.31,2.8,0.089,15,46,0.9979,3.11,0.92,10,red
7.5,0.23,0.32,9.2,0.038,54,191,0.9966,3.04,0.56,9.7,white
6,0.5,0.04,2.2,0.092,13,26,0.99647,3.46,0.47,10,red
6.7,0.24,0.29,6.8,0.038,54,127,0.9932,3.33,0.46,11.6,white
6.8,0.36,0.32,1.6,0.039,10,124,0.9948,3.3,0.67,9.6,white
7.2,0.23,0.19,13.7,0.052,47,197,0.99865,3.12,0.53,9,white
6.5,0.21,0.4,7.3,0.041,49,115,0.99268,3.21,0.43,11,white
6.4,0.23,0.39,1.8,0.032,23,118,0.9912,3.32,0.5,11.8,white
9.1,0.22,0.24,2.1,0.078,1,28,0.999,3.41,0.87,10.3,red
7.4,0.49,0.19,3,0.077,16,37,0.9966,3.37,0.51,10.5,red
8.2,0.43,0.29,1.6,0.081,27,45,0.99603,3.25,0.54,10.3,red
8.9,0.48,0.24,2.85,0.094,35,106,0.9982,3.1,0.53,9.2,red
6.6,0.26,0.29,1.4,0.039,13,67,0.9915,3.05,0.49,10.9,white
6.8,0.26,0.48,6.2,0.049,55,182,0.99582,3.21,0.45,9.4,white
6.5,0.46,0.14,2.4,0.114,9,37,0.99732,3.66,0.65,9.8,red
6.9,0.2,0.34,1.9,0.043,25,136,0.9935,3.31,0.6,10.1,white
8.3,0.2,0.74,4.45,0.044,33,130,0.9924,3.25,0.42,12.2,white
6.1,0.25,0.48,15.8,0.052,25,94,0.99782,3.07,0.45,9.2,white
9.8,0.66,0.39,3.2,0.083,21,59,0.9989,3.37,0.71,11.5,red
6.8,0.49,0.22,2.3,0.071,13,24,0.99438,3.41,0.83,11.3,red
7.4,0.47,0.46,2.2,0.114,7,20,0.99647,3.32,0.63,10.5,red
7.7,0.26,0.3,1.7,0.059,20,38,0.9949,3.29,0.47,10.8,red
10.2,0.29,0.65,2.4,0.075,6,17,0.99565,3.22,0.63,11.8,red
6.3,0.41,0.18,3.5,0.027,23,109,0.99018,3.34,0.54,12.8,white
6.8,0.27,0.49,1.2,0.044,35,126,0.99,3.13,0.48,12.1,white
7.9,0.69,0.21,2.1,0.08,33,141,0.9962,3.25,0.51,9.9,red
8.9,0.635,0.37,1.7,0.263,5,62,0.9971,3,1.09,9.3,red
9,0.245,0.38,5.9,0.045,52,159,0.995,2.93,0.35,10.2,white
10,0.31,0.47,2.6,0.085,14,33,0.99965,3.36,0.8,10.5,red
9.6,0.6,0.5,2.3,0.079,28,71,0.9997,3.5,0.57,9.7,red
7.3,0.52,0.32,2.1,0.07,51,70,0.99418,3.34,0.82,12.9,red
8.8,0.52,0.34,2.7,0.087,24,122,0.9982,3.26,0.61,9.5,red
7.4,0.17,0.4,5.5,0.037,34,161,0.9935,3.05,0.62,11.5,white
6.1,0.32,0.25,2.3,0.071,23,58,0.99633,3.42,0.97,10.6,red
11.4,0.46,0.5,2.7,0.122,4,17,1.0006,3.13,0.7,10.2,red
10.2,0.67,0.39,1.9,0.054,6,17,0.9976,3.17,0.47,10,red
6.7,0.12,0.36,2.3,0.039,43,125,0.99229,3.07,0.67,10.1,white
6.8,0.27,0.3,13,0.047,69,160,0.99705,3.16,0.5,9.6,white
8.8,0.37,0.48,2.1,0.097,39,145,0.9975,3.04,1.03,9.3,red
10,0.49,0.2,11,0.071,13,50,1.0015,3.16,0.69,9.2,red
6.7,0.31,0.31,9.9,0.04,10,175,0.9953,3.46,0.55,11.4,white
6.2,0.53,0.02,0.9,0.035,6,81,0.99234,3.24,0.35,9.5,white
7.2,0.39,0.44,2.6,0.066,22,48,0.99494,3.3,0.84,11.5,red
7.8,0.48,0.68,1.7,0.415,14,32,0.99656,3.09,1.06,9.1,red
6.3,0.2,0.18,10.6,0.045,57,159,0.99666,3.09,0.54,9.2,white
7.4,0.19,0.31,14.5,0.045,39,193,0.9986,3.1,0.5,9.2,white
7.2,0.33,0.33,1.7,0.061,3,13,0.996,3.23,1.1,10,red
7.8,0.56,0.19,2.1,0.081,15,105,0.9962,3.33,0.54,9.5,red
7.8,0.19,0.32,7.4,0.015,47,124,0.99278,2.99,0.39,11,white
6.4,0.32,0.26,7.9,0.05,53,180,0.99514,3.14,0.5,9.6,white
6.6,0.84,0.03,2.3,0.059,32,48,0.9952,3.52,0.56,12.3,red
7.1,0.27,0.24,12.6,0.044,48,118,0.99726,3.04,0.56,10,white
7.5,0.63,0.12,5.1,0.111,50,110,0.9983,3.26,0.77,9.4,red
7,0.58,0.28,4.8,0.085,12,69,0.99633,3.32,0.7,11,red
6.7,0.17,0.42,10.4,0.038,85,182,0.99628,3.04,0.44,8.9,white
11.3,0.34,0.45,2,0.082,6,15,0.9988,2.94,0.66,9.2,red
6.6,0.32,0.41,7.2,0.048,55,178,0.99537,3.2,0.46,9.4,white
7,0.25,0.29,15.2,0.047,40,171,0.9982,3.22,0.45,9.3,white
8,0.26,0.28,4.8,0.05,34,150,0.99437,3.13,0.5,10,white
6.6,0.27,0.33,1.4,0.042,24,183,0.99215,3.29,0.46,10.7,white
8.1,0.87,0,3.3,0.096,26,61,1.00025,3.6,0.72,9.8,red
6.3,0.25,0.27,6.6,0.054,40,158,0.99378,3.2,0.48,10.3,white
7.7,0.965,0.1,2.1,0.112,11,22,0.9963,3.26,0.5,9.5,red
6.8,0.25,0.18,1.4,0.056,13,137,0.9935,3.11,0.42,9.5,white
6.2,0.37,0.24,6.1,0.032,19,86,0.98934,3.04,0.26,13.4,white
6,0.21,0.38,0.8,0.02,22,98,0.98941,3.26,0.32,11.8,white
11.5,0.59,0.59,2.6,0.087,13,49,0.9988,3.18,0.65,11,red
6.2,0.24,0.22,7.9,0.053,45,149,0.99545,3.23,0.52,9.3,white
9.6,0.38,0.42,1.9,0.071,5,13,0.99659,3.15,0.75,10.5,red
8.5,0.4,0.4,6.3,0.05,3,10,0.99566,3.28,0.56,12,red
7.1,0.43,0.61,11.8,0.045,54,155,0.9974,3.11,0.45,8.7,white
6.8,0.26,0.43,11.75,0.045,53,198,0.9969,3.26,0.55,9.5,white
7.4,0.37,0.43,2.6,0.082,18,82,0.99708,3.33,0.68,9.7,red
8.1,0.28,0.4,6.9,0.05,30,97,0.9951,3.26,0.44,10.1,white
8.1,0.87,0,2.2,0.084,10,31,0.99656,3.25,0.5,9.8,red
9.2,0.43,0.49,2.4,0.086,23,116,0.9976,3.23,0.64,9.5,red
9.8,0.88,0.25,2.5,0.104,35,155,1.001,3.41,0.67,11.2,red
6,0.14,0.37,1.2,0.032,63,148,0.99185,3.32,0.44,11.2,white
7.4,0.39,0.48,2,0.082,14,67,0.9972,3.34,0.55,9.2,red
11.1,0.39,0.54,2.7,0.095,21,101,1.0001,3.13,0.51,9.5,red
7.3,0.19,0.27,13.9,0.057,45,155,0.99807,2.94,0.41,8.8,white
8.6,0.55,0.09,3.3,0.068,8,17,0.99735,3.23,0.44,10,red
6,0.28,0.49,6.8,0.048,61,222,0.9953,3.19,0.47,9.3,white
8.5,0.37,0.2,2.8,0.09,18,58,0.998,3.34,0.7,9.6,red
7.4,0.25,0.28,7.25,0.028,14,78,0.99238,2.94,0.37,11.5,white
10.2,0.23,0.37,2.2,0.057,14,36,0.99614,3.23,0.49,9.3,red
6.7,0.28,0.28,2.4,0.012,36,100,0.99064,3.26,0.39,11.7,red
5.1,0.31,0.3,0.9,0.037,28,152,0.992,3.54,0.56,10.1,white
7.5,0.31,0.41,2.4,0.065,34,60,0.99492,3.34,0.85,11.4,red
7.1,0.43,0.25,2.8,0.036,43,132,0.98975,3.21,0.47,13.4,white
5.6,0.32,0.32,8.3,0.043,32,105,0.99266,3.24,0.47,11.2,white
6,0.64,0.05,1.9,0.066,9,17,0.99496,3.52,0.78,10.6,red
13.8,0.49,0.67,3,0.093,6,15,0.9986,3.02,0.93,12,red
6.3,0.43,0.32,8.8,0.042,18,106,0.99172,3.28,0.33,12.9,white
7.2,0.32,0.3,8.25,0.02,14,104,0.99362,2.99,0.44,11.4,white
6.6,0.2,0.14,4.4,0.184,35,168,0.99396,2.93,0.45,9.4,white
8.1,1.33,0,1.8,0.082,3,12,0.9964,3.54,0.48,10.9,red
6.9,0.33,0.28,1.3,0.051,37,187,0.9927,3.27,0.6,10.3,white
8.4,0.19,0.43,2.1,0.052,20,104,0.994,2.85,0.46,9.5,white
5.8,0.3,0.27,1.7,0.014,45,104,0.98914,3.4,0.56,12.6,white
6,0.28,0.34,1.6,0.119,33,104,0.9921,3.19,0.38,10.2,white
10.3,0.44,0.5,4.5,0.107,5,13,0.998,3.28,0.83,11.5,red
7.7,0.49,0.26,1.9,0.062,9,31,0.9966,3.39,0.64,9.6,red
10,0.69,0.11,1.4,0.084,8,24,0.99578,2.88,0.47,9.7,red
7.2,0.57,0.05,2.3,0.081,16,36,0.99564,3.38,0.6,10.3,red
6.9,0.19,0.33,1.6,0.043,63,149,0.9925,3.44,0.52,10.8,white
11.6,0.47,0.44,1.6,0.147,36,51,0.99836,3.38,0.86,9.9,red
6.1,0.31,0.37,8.4,0.031,70,170,0.9934,3.42,0.4,11.7,white
7.4,0.34,0.42,1.1,0.033,17,171,0.9917,3.12,0.53,11.3,white
7,0.4,0.32,3.6,0.061,9,29,0.99416,3.28,0.49,11.3,red
6.8,0.35,0.53,10.1,0.053,37,151,0.9963,3.07,0.4,9.4,white
7,0.16,0.25,14.3,0.044,27,149,0.998,2.91,0.46,9.2,white
6,0.26,0.15,1.3,0.06,51,154,0.99354,3.14,0.51,8.7,white
8.4,0.35,0.56,13.8,0.048,55,190,0.9993,3.07,0.58,9.4,white
7.3,0.28,0.42,1.2,0.033,29,142,0.99205,3.17,0.43,10.7,white
7.8,0.56,0.19,1.8,0.104,12,47,0.9964,3.19,0.93,9.5,red
6.5,0.34,0.27,2.8,0.067,8,44,0.99384,3.21,0.56,12,red
7.3,0.23,0.27,2.6,0.035,39,120,0.99138,3.04,0.59,11.3,white
6,0.19,0.29,1.2,0.046,29,92,0.99033,3.22,0.53,11.3,white
5,0.3,0.33,3.7,0.03,54,173,0.9887,3.36,0.3,13,white
7.6,0.4,0.27,5.2,0.03,32,101,0.99172,3.22,0.62,12.3,white
6.6,0.32,0.47,15.6,0.063,27,173,0.99872,3.18,0.56,9,white
7.5,0.28,0.41,1.3,0.044,11,126,0.99293,3.28,0.45,10.3,white
5.5,0.12,0.33,1,0.038,23,131,0.99164,3.25,0.45,9.8,white
7.3,0.27,0.3,1.3,0.04,26,84,0.99222,3.28,0.53,10.7,white
7.4,0.28,0.5,12.1,0.049,48,122,0.9973,3.01,0.44,9,white
7.2,0.695,0.13,2,0.076,12,20,0.99546,3.29,0.54,10.1,red
5.8,1.01,0.66,2,0.039,15,88,0.99357,3.66,0.6,11.5,red
6.6,0.18,0.28,1.7,0.041,53,161,0.99207,3.13,0.45,10.2,white
8.1,0.12,0.49,1.2,0.042,43,160,0.9934,3.13,0.48,9.7,white
8,0.42,0.32,2.5,0.08,26,122,0.99801,3.22,1.07,9.7,red
5.7,0.135,0.3,4.6,0.042,19,101,0.9946,3.31,0.42,9.3,white
6.7,0.62,0.21,1.9,0.079,8,62,0.997,3.52,0.58,9.3,red
9.2,0.36,0.34,1.6,0.062,5,12,0.99667,3.2,0.67,10.5,red
7.1,0.21,0.37,2.4,0.026,23,100,0.9903,3.15,0.38,11.4,white
6.1,0.4,0.16,1.8,0.069,11,25,0.9955,3.42,0.74,10.1,red
6.5,0.28,0.29,2.7,0.038,26,107,0.9912,3.32,0.41,11.6,white
6.6,0.42,0.13,12.8,0.044,26,158,0.99772,3.24,0.47,9,white
8.4,0.56,0.04,2,0.082,10,22,0.9976,3.22,0.44,9.6,red
10.4,0.61,0.49,2.1,0.2,5,16,0.9994,3.16,0.63,8.4,red
6.8,0.785,0,2.4,0.104,14,30,0.9966,3.52,0.55,10.7,red
8.9,0.24,0.39,1.6,0.074,3,10,0.99698,3.12,0.59,9.5,red
7,0.17,0.37,1.5,0.028,26,75,0.9922,3.3,0.46,10.8,white
7.8,0.17,0.23,1.7,0.029,39,128,0.99272,3.37,0.41,10.7,white
8.1,0.26,0.37,1.9,0.072,48,159,0.9949,3.37,0.7,10.9,white
7,0.15,0.29,16.4,0.058,45,110,0.9978,3.15,0.37,9.7,white
6.7,0.7,0.08,3.75,0.067,8,16,0.99334,3.43,0.52,12.6,red
8.3,0.31,0.39,2.4,0.078,17,43,0.99444,3.31,0.77,12.5,red
8.9,0.31,0.36,2.6,0.056,10,39,0.99562,3.4,0.69,11.8,red
10.6,0.42,0.48,2.7,0.065,5,18,0.9972,3.21,0.87,11.3,red
7.6,0.38,0.28,4.2,0.029,7,112,0.9906,3,0.41,12.6,white
7.5,0.38,0.48,2.6,0.073,22,84,0.9972,3.32,0.7,9.6,red
8.1,0.38,0.48,1.8,0.157,5,17,0.9976,3.3,1.05,9.4,red
8.2,0.22,0.49,9.6,0.037,53,154,0.9951,3.02,0.33,10.6,white
7.4,0.635,0.1,2.4,0.08,16,33,0.99736,3.58,0.69,10.8,red
7,0.29,0.33,0.9,0.041,20,117,0.99048,3.21,0.5,11.4,white
10.2,0.54,0.37,15.4,0.214,55,95,1.00369,3.18,0.77,9,red
13,0.47,0.49,4.3,0.085,6,47,1.0021,3.3,0.68,12.7,red
6.7,0.41,0.43,2.8,0.076,22,54,0.99572,3.42,1.16,10.6,red
6.6,0.735,0.02,7.9,0.122,68,124,0.9994,3.47,0.53,9.9,red
7.5,0.49,0.2,2.6,0.332,8,14,0.9968,3.21,0.9,10.5,red
6.2,0.33,0.14,4.8,0.052,27,128,0.99475,3.21,0.48,9.4,white
11.8,0.23,0.38,11.1,0.034,15,123,0.9997,2.93,0.55,9.7,white
5.7,0.16,0.26,6.3,0.043,28,113,0.9936,3.06,0.58,9.9,white
6.6,0.22,0.37,1.2,0.059,45,199,0.993,3.37,0.55,10.3,white
6.9,0.26,0.29,4.2,0.043,33,114,0.9902,3.16,0.31,12.5,white
7,0.23,0.4,1.6,0.063,21,67,0.9952,3.5,0.63,11.1,red
8.1,0.2,0.3,1.3,0.036,7,49,0.99242,2.99,0.73,10.3,white
7,0.33,0.78,9.9,0.042,21,251,0.99435,3.01,0.55,11,white
9.9,0.63,0.24,2.4,0.077,6,33,0.9974,3.09,0.57,9.4,red
6.8,0.29,0.5,13.3,0.053,48,194,0.9974,3.09,0.45,9.4,white
7.6,0.29,0.49,2.7,0.092,25,60,0.9971,3.31,0.61,10.1,red
6.9,0.55,0.15,2.2,0.076,19,40,0.9961,3.41,0.59,10.1,red
6,0.39,0.17,12,0.046,65,246,0.9976,3.15,0.38,9,white
6.9,0.29,0.3,8.2,0.026,35,112,0.99144,3,0.37,12.3,white
7.8,0.16,0.41,1.7,0.026,29,140,0.991,3.02,0.78,12.5,white
4.9,0.345,0.34,1,0.068,32,143,0.99138,3.24,0.4,10.1,white
6.8,0.25,0.24,4.55,0.053,41,211,0.9955,3.37,0.67,9.5,white
6.2,0.2,0.28,1.1,0.039,24,78,0.9899,3.36,0.47,12.1,white
7.1,0.18,0.74,15.6,0.044,44,176,0.9996,3.38,0.67,9,white
7.7,0.49,0.26,1.9,0.062,9,31,0.9966,3.39,0.64,9.6,red
6,0.25,0.28,7.7,0.053,37,132,0.99489,3.06,0.5,9.4,white
7.1,0.685,0.35,2,0.088,9,92,0.9963,3.28,0.62,9.4,red
6.4,0.25,0.3,5.5,0.038,15,129,0.9948,3.14,0.49,9.6,white
10.2,0.33,0.46,1.9,0.081,6,9,0.99628,3.1,0.48,10.4,red
6.3,0.26,0.25,5.2,0.046,11,133,0.99202,2.97,0.68,11,white
6.2,0.25,0.25,1.4,0.03,35,105,0.9912,3.3,0.44,11.1,white
7.6,0.29,0.29,4.4,0.051,26,146,0.9939,3.16,0.39,10.2,white
9.1,0.76,0.68,1.7,0.414,18,64,0.99652,2.9,1.33,9.1,red
11.5,0.54,0.71,4.4,0.124,6,15,0.9984,3.01,0.83,11.8,red
7.1,0.46,0.2,1.9,0.077,28,54,0.9956,3.37,0.64,10.4,red
6.8,0.68,0.09,3.9,0.068,15,29,0.99524,3.41,0.52,11.1,red
8.2,0.78,0,2.2,0.089,13,26,0.9978,3.37,0.46,9.6,red
7.2,0.56,0.26,2,0.083,13,100,0.99586,3.26,0.52,9.9,red
7.5,0.5,0.36,6.1,0.071,17,102,0.9978,3.35,0.8,10.5,red
6.6,0.4,0.3,5.3,0.038,20,125,0.99204,3.36,0.73,12.6,white
6.5,0.615,0,1.9,0.065,9,18,0.9972,3.46,0.65,9.2,red
8.8,0.61,0.19,4,0.094,30,69,0.99787,3.22,0.5,10,red
7.2,0.19,0.27,11.2,0.061,46,149,0.99772,2.99,0.59,9.3,white
6.2,0.65,0.06,1.6,0.05,6,18,0.99348,3.57,0.54,11.95,red
8.1,0.725,0.22,2.2,0.072,11,41,0.9967,3.36,0.55,9.1,red
6.7,0.24,0.33,12.3,0.046,31,145,0.9983,3.36,0.4,9.5,white
6.9,0.63,0.33,6.7,0.235,66,115,0.99787,3.22,0.56,9.5,red
11.9,0.57,0.5,2.6,0.082,6,32,1.0006,3.12,0.78,10.7,red
6.2,0.58,0,1.6,0.065,8,18,0.9966,3.56,0.84,9.4,red
6.4,0.25,0.33,1.4,0.04,42,115,0.9906,3.19,0.48,11.3,white
7.5,0.26,0.26,18.35,0.084,33,139,1.0011,3.17,0.39,8.8,white
5.6,0.175,0.29,0.8,0.043,20,67,0.99112,3.28,0.48,9.9,white
6.6,0.32,0.47,15.6,0.063,27,173,0.99872,3.18,0.56,9,white
7.2,0.19,0.31,6.3,0.034,17,103,0.99305,3.15,0.52,11.4,white
10.6,0.36,0.57,2.3,0.087,6,20,0.99676,3.14,0.72,11.1,red
6.1,0.6,0.08,1.8,0.071,14,45,0.99336,3.38,0.54,11,red
7.1,0.34,0.86,1.4,0.174,36,99,0.99288,2.92,0.5,9.3,white
7,0.22,0.3,1.8,0.065,16,20,0.99672,3.61,0.82,10,red
8.9,0.3,0.35,4.6,0.032,32,148,0.99458,3.15,0.45,11.5,white
6.6,0.26,0.28,9.4,0.028,13,121,0.99254,3.17,0.34,12.1,white
7.1,0.75,0.01,2.2,0.059,11,18,0.99242,3.39,0.4,12.8,red
8.4,1.035,0.15,6,0.073,11,54,0.999,3.37,0.49,9.9,red
6.5,0.43,0.31,3.6,0.046,19,143,0.99022,3.15,0.34,12,white
6.6,0.23,0.3,14.9,0.051,33,118,0.99835,3.04,0.54,9,white
6.5,0.46,0.24,11.5,0.051,56,171,0.99588,3.08,0.56,9.8,white
6.1,0.255,0.44,12.3,0.045,53,197,0.9967,3.24,0.54,9.5,white
7.5,0.52,0.11,1.5,0.079,11,39,0.9968,3.42,0.58,9.6,red
5.9,0.29,0.25,12,0.057,48,224,0.9981,3.23,0.41,9,white
7,0.28,0.36,1,0.035,8,70,0.9899,3.09,0.46,12.1,white
6.6,0.12,0.25,1.4,0.039,21,131,0.99114,3.2,0.45,11.2,white
10.4,0.41,0.55,3.2,0.076,22,54,0.9996,3.15,0.89,9.9,red
8,0.74,0.21,4,0.05,24,133,0.99418,3.06,0.38,9.7,white
7.1,0.875,0.05,5.7,0.082,3,14,0.99808,3.4,0.52,10.2,red
6.7,0.16,0.32,12.5,0.035,18,156,0.99666,2.88,0.36,9,white
7.1,0.24,0.41,17.8,0.046,39,145,0.9998,3.32,0.39,8.7,white
7.2,0.49,0.24,2.2,0.07,5,36,0.996,3.33,0.48,9.4,red
7.9,0.2,0.34,1.2,0.04,29,118,0.9932,3.14,0.41,10.6,white
9.9,0.35,0.41,2.3,0.083,11,61,0.9982,3.21,0.5,9.5,red
5.9,0.37,0.1,1.6,0.057,39,128,0.9924,3.24,0.48,10.1,white
8.5,0.44,0.5,1.9,0.369,15,38,0.99634,3.01,1.1,9.4,red
7.5,0.49,0.19,1.9,0.076,10,44,0.9957,3.39,0.54,9.7,red
7,0.18,0.26,1.4,0.044,46,89,0.99256,3.39,0.48,10.7,white
8.9,0.595,0.41,7.9,0.086,30,109,0.9998,3.27,0.57,9.3,red
6.1,0.36,0.26,8.15,0.035,14,88,0.99031,3.06,0.27,13,white
8.8,0.6,0.29,2.2,0.098,5,15,0.9988,3.36,0.49,9.1,red
6.4,0.4,0.23,1.6,0.066,5,12,0.9958,3.34,0.56,9.2,red
11.5,0.315,0.54,2.1,0.084,5,15,0.9987,2.98,0.7,9.2,red
9.2,0.46,0.23,2.6,0.091,18,77,0.99922,3.15,0.51,9.4,red
8.9,0.5,0.21,2.2,0.088,21,39,0.99692,3.33,0.83,11.1,red
7.1,0.715,0,2.35,0.071,21,47,0.99632,3.29,0.45,9.4,red
7.9,0.43,0.21,1.6,0.106,10,37,0.9966,3.17,0.91,9.5,red
6.7,0.48,0.49,2.9,0.03,28,122,0.98926,3.13,0.4,13,white
8.6,0.49,0.28,1.9,0.11,20,136,0.9972,2.93,1.95,9.9,red
6.9,0.23,0.33,12.8,0.056,44,169,0.998,3.42,0.42,9.8,white
5.4,0.58,0.08,1.9,0.059,20,31,0.99484,3.5,0.64,10.2,red
10.9,0.32,0.52,1.8,0.132,17,44,0.99734,3.28,0.77,11.5,red
6.5,0.52,0.11,1.8,0.073,13,38,0.9955,3.34,0.52,9.3,red
6.3,0.39,0.08,1.7,0.066,3,20,0.9954,3.34,0.58,9.4,red
7.4,0.19,0.3,12.8,0.053,48.5,229,0.9986,3.14,0.49,9.1,white
7.6,0.52,0.12,3,0.067,12,53,0.9971,3.36,0.57,9.1,red
6.7,0.25,0.23,7.2,0.038,61,220,0.9952,3.14,0.35,9.5,white
8,0.25,0.26,14,0.043,41,248,0.9986,3.03,0.57,8.7,white
7.3,0.41,0.29,1.8,0.032,26,74,0.98889,2.96,0.35,13,white
7,0.55,0.13,2.2,0.075,15,35,0.9959,3.36,0.59,9.7,red
6.4,0.21,0.28,5.9,0.047,29,101,0.99278,3.15,0.4,11,white
5.8,0.28,0.35,2.3,0.053,36,114,0.9924,3.28,0.5,10.2,white
6,0.1,0.24,1.1,0.041,15,65,0.9927,3.61,0.61,10.3,white
11.1,0.31,0.53,2.2,0.06,3,10,0.99572,3.02,0.83,10.9,red
8,0.13,0.25,1.1,0.033,15,86,0.99044,2.98,0.39,11.2,white
6.4,0.23,0.33,1.15,0.044,15.5,217.5,0.992,3.33,0.44,11,white
8.5,0.19,0.48,1.1,0.026,23,58,0.99184,2.9,0.5,10.5,white
6.8,0.2,0.59,0.9,0.147,38,132,0.993,3.05,0.38,9.1,white
7.6,0.2,0.31,1.4,0.047,41,142,0.9934,3.43,0.53,10.1,white
6.5,0.16,0.34,1.4,0.029,29,133,0.99108,3.33,0.64,11.5,white
9.1,0.33,0.38,1.7,0.062,50.5,344,0.9958,3.1,0.7,9.5,white
9,0.66,0.17,3,0.077,5,13,0.9976,3.29,0.55,10.4,red
5.8,0.31,0.31,7.5,0.052,55,230,0.9949,3.19,0.46,9.8,white
7.6,0.48,0.37,0.8,0.037,4,100,0.9902,3.03,0.39,11.4,white
6.9,0.16,0.3,9.6,0.057,50,185,0.9978,3.39,0.38,9.6,white
10.5,0.26,0.47,1.9,0.078,6,24,0.9976,3.18,1.04,10.9,red
6.2,0.23,0.36,17.2,0.039,37,130,0.99946,3.23,0.43,8.8,white
8,0.705,0.05,1.9,0.074,8,19,0.9962,3.34,0.95,10.5,red
7.8,0.6,0.26,2,0.08,31,131,0.99622,3.21,0.52,9.9,red
6.3,0.39,0.16,1.4,0.08,11,23,0.9955,3.34,0.56,9.3,red
8.8,0.61,0.19,4,0.094,30,69,0.99787,3.22,0.5,10,red
7.2,0.28,0.38,2,0.052,23,156,0.9912,3.13,0.52,11.1,white
7.4,0.635,0.1,2.4,0.08,16,33,0.99736,3.58,0.69,10.8,red
6.1,0.32,0.37,1.8,0.051,13,200,0.9945,3.49,0.44,10.5,white
6.4,0.63,0.21,1.6,0.08,12,32,0.99689,3.58,0.66,9.8,red
7.4,0.18,0.36,13.1,0.056,72,163,1,3.42,0.35,9.1,white
6.5,0.67,0,4.3,0.057,11,20,0.99488,3.45,0.56,11.8,red
7.1,0.59,0,2.1,0.091,9,14,0.99488,3.42,0.55,11.5,red
8,0.64,0.22,2.4,0.094,5,33,0.99612,3.37,0.58,11,red
6.2,0.28,0.27,10.3,0.03,26,108,0.99388,3.2,0.36,10.7,white
5.7,0.22,0.2,16,0.044,41,113,0.99862,3.22,0.46,8.9,white
6.9,0.45,0.27,4.7,0.035,17,80,0.99058,3.12,0.36,12.5,white
6.9,0.28,0.24,2.1,0.034,49,121,0.98882,2.98,0.43,13.2,white
7.5,0.57,0.08,2.6,0.089,14,27,0.99592,3.3,0.59,10.4,red
6,0.58,0.2,2.4,0.075,15,50,0.99467,3.58,0.67,12.5,red
7.6,1.58,0,2.1,0.137,5,9,0.99476,3.5,0.4,10.9,red
11.1,0.45,0.73,3.2,0.066,6,22,0.9986,3.17,0.66,11.2,red
6.5,0.26,0.34,1.4,0.04,25,184,0.99216,3.29,0.46,10.7,white
7.5,0.52,0.42,2.3,0.087,8,38,0.9972,3.58,0.61,10.5,red
6.1,0.27,0.3,16.7,0.039,49,172,0.99985,3.4,0.45,9.4,white
8.2,0.27,0.43,1.6,0.035,31,128,0.9916,3.1,0.5,12.3,white
8.2,0.35,0.4,6.3,0.039,35,162,0.9936,3.15,0.34,11.9,white
8.7,0.33,0.38,3.3,0.063,10,19,0.99468,3.3,0.73,12,red
10.9,0.53,0.49,4.6,0.118,10,17,1.0002,3.07,0.56,11.7,red
10.4,0.33,0.63,2.8,0.084,5,22,0.9998,3.26,0.74,11.2,red
7.1,0.72,0,1.8,0.123,6,14,0.99627,3.45,0.58,9.8,red
6.4,0.26,0.21,7.1,0.04,35,162,0.9956,3.39,0.58,9.9,white
5.7,0.32,0.38,4.75,0.033,23,94,0.991,3.42,0.42,11.8,white
8.4,0.65,0.6,2.1,0.112,12,90,0.9973,3.2,0.52,9.2,red
6.2,0.34,0.28,7.5,0.034,40,197,0.99485,3.14,0.6,9.7,white
7.3,0.4,0.24,6.7,0.058,41,166,0.995,3.2,0.41,9.9,white
11.3,0.37,0.41,2.3,0.088,6,16,0.9988,3.09,0.8,9.3,red
7.2,0.32,0.36,2,0.033,37,114,0.9906,3.1,0.71,12.3,white
8,0.26,0.36,2,0.054,30,121,0.992,3.09,0.72,11.6,white
6.2,0.18,0.38,1.5,0.028,36,117,0.993,3.47,0.54,9.7,white
7,0.6,0.3,4.5,0.068,20,110,0.99914,3.3,1.17,10.2,red
8.7,0.7,0.24,2.5,0.226,5,15,0.9991,3.32,0.6,9,red
10,0.32,0.59,2.2,0.077,3,15,0.9994,3.2,0.78,9.6,red
8.7,0.765,0.22,2.3,0.064,9,42,0.9963,3.1,0.55,9.4,red
8.4,0.36,0.36,11.1,0.032,21,132,0.99313,2.95,0.39,13,white
8.4,0.36,0.32,2.2,0.081,32,79,0.9964,3.3,0.72,11,red
13.2,0.38,0.55,2.7,0.081,5,16,1.0006,2.98,0.54,9.4,red
7.1,0.3,0.49,1.6,0.045,31,100,0.9942,3.4,0.59,10.2,white
8.3,0.6,0.13,2.6,0.085,6,24,0.9984,3.31,0.59,9.2,red
4.6,0.445,0,1.4,0.053,11,178,0.99426,3.79,0.55,10.2,white
15.5,0.645,0.49,4.2,0.095,10,23,1.00315,2.92,0.74,11.1,red
7.6,0.95,0.03,2,0.09,7,20,0.9959,3.2,0.56,9.6,red
6.3,0.32,0.32,1.5,0.037,12,76,0.98993,3.3,0.46,12.3,white
8,0.38,0.44,1.9,0.098,6,15,0.9956,3.3,0.64,11.4,red
8,1.18,0.21,1.9,0.083,14,41,0.99532,3.34,0.47,10.5,red
7.4,0.26,0.43,6,0.022,22,125,0.9928,3.13,0.55,11.5,white
8.7,0.23,0.32,13.4,0.044,35,169,0.99975,3.12,0.47,8.8,white
6.7,0.13,0.45,4.2,0.043,52,131,0.99162,3.06,0.54,11.3,white
6.9,0.25,0.24,3.6,0.057,13,85,0.9942,2.99,0.48,9.5,white
8,0.45,0.28,10.8,0.051,25,157,0.9957,3.06,0.47,11.4,white
10.7,0.52,0.38,2.6,0.066,29,56,0.99577,3.15,0.79,12.1,red
9.9,0.35,0.41,2.3,0.083,11,61,0.9982,3.21,0.5,9.5,red
6.8,0.68,0.21,2.1,0.07,9,23,0.99546,3.38,0.6,10.3,red
6.7,0.24,0.35,13.1,0.05,64,205,0.997,3.15,0.5,9.5,white
7.2,0.37,0.32,2,0.062,15,28,0.9947,3.23,0.73,11.3,red
6.3,0.27,0.38,0.9,0.051,7,140,0.9926,3.45,0.5,10.5,white
7.1,0.31,0.25,11.2,0.048,32,136,0.99663,3.14,0.4,9.5,white
6.9,0.2,0.36,1.5,0.031,38,147,0.9931,3.35,0.56,11,white
7.1,0.33,0.18,6.3,0.094,27,166,0.99474,2.9,0.49,9.5,white
5.4,0.22,0.35,6.5,0.029,26,87,0.99092,3.29,0.44,12.5,white
6.6,0.56,0.14,2.4,0.064,13,29,0.99397,3.42,0.62,11.7,red
7.7,0.16,0.49,2,0.056,20,124,0.9948,3.32,0.49,10.7,white
8.7,0.675,0.1,1.6,0.09,4,11,0.99745,3.31,0.65,9.55,red
6.6,0.22,0.23,17.3,0.047,37,118,0.99906,3.08,0.46,8.8,white
6.6,0.2,0.27,10.9,0.038,29,130,0.99496,3.11,0.44,10.5,white
9,0.39,0.4,1.3,0.044,25,50,0.99478,3.2,0.83,10.9,red
9.6,0.42,0.35,2.1,0.083,17,38,0.99622,3.23,0.66,11.1,red
7.8,0.18,0.31,12.2,0.053,46,140,0.998,3.06,0.53,8.9,white
6,0.29,0.27,2.3,0.044,20,117,0.9895,3.31,0.41,12.7,white
6.4,0.57,0.12,2.3,0.12,25,36,0.99519,3.47,0.71,11.3,red
9.6,0.77,0.12,2.9,0.082,30,74,0.99865,3.3,0.64,10.4,red
7.3,0.22,0.4,14.75,0.042,44.5,129.5,0.9998,3.36,0.41,9.1,white
8.8,0.61,0.3,2.8,0.088,17,46,0.9976,3.26,0.51,9.3,red
6.2,0.785,0,2.1,0.06,6,13,0.99664,3.59,0.61,10,red
5.8,0.29,0.33,3.7,0.029,30,88,0.98994,3.25,0.42,12.3,white
6.6,0.5,0.04,2.1,0.068,6,14,0.9955,3.39,0.64,9.4,red
11.9,0.39,0.69,2.8,0.095,17,35,0.9994,3.1,0.61,10.8,red
8.9,0.29,0.35,1.9,0.067,25,57,0.997,3.18,1.36,10.3,red
6.3,0.19,0.21,1.8,0.049,35,163,0.9924,3.31,0.5,10.3,white
7.9,0.6,0.06,1.6,0.069,15,59,0.9964,3.3,0.46,9.4,red
7.5,0.34,0.28,4,0.028,46,100,0.98958,3.2,0.5,13.2,white
7,0.11,0.32,4.6,0.057,59,144,0.9956,3.55,0.44,9.4,white
5.4,0.46,0.15,2.1,0.026,29,130,0.98953,3.39,0.77,13.4,white
8.2,0.33,0.39,2.5,0.074,29,48,0.99528,3.32,0.88,12.4,red
8.9,0.84,0.34,1.4,0.05,4,10,0.99554,3.12,0.48,9.1,red
8.2,0.34,0.38,2.5,0.08,12,57,0.9978,3.3,0.47,9,red
7.8,0.5,0.12,1.8,0.178,6,21,0.996,3.28,0.87,9.8,red
7.3,0.19,0.27,13.9,0.057,45,155,0.99807,2.94,0.41,8.8,white
7.4,0.155,0.34,2.3,0.045,73.5,214,0.9934,3.18,0.61,9.9,white
7.4,0.2,0.33,1.9,0.035,39,138,0.991,3.17,0.44,11.7,white
6.3,0.28,0.22,9.5,0.04,30,111,0.99338,3.05,0.31,10.8,white
7.5,0.24,0.29,1.1,0.046,34,84,0.9902,3.04,0.39,11.45,white
8.5,0.46,0.59,1.4,0.414,16,45,0.99702,3.03,1.34,9.2,red
6,0.2,0.24,5.3,0.075,49,201,0.99466,3.21,0.43,9.5,white
7.5,0.51,0.02,1.7,0.084,13,31,0.99538,3.36,0.54,10.5,red
7.7,0.34,0.28,11,0.04,31,117,0.99815,3.27,0.29,9.2,white
7.3,0.91,0.1,1.8,0.074,20,56,0.99672,3.35,0.56,9.2,red
8.2,0.33,0.32,2.8,0.067,4,12,0.99473,3.3,0.76,12.8,red
6.9,0.3,0.36,4.5,0.054,31,203,0.99513,3.4,0.57,10.4,white
7.2,0.23,0.25,18.8,0.085,19,111,1.00044,3.1,0.51,8.7,white
7.1,0.18,0.42,1.4,0.045,47,157,0.9916,2.95,0.31,10.5,white
7,0.21,0.42,5.3,0.037,36,123,0.99321,3.14,0.52,10.9,white
7.2,0.41,0.3,2.1,0.083,35,72,0.997,3.44,0.52,9.4,red
7.2,0.2,0.3,2,0.039,43,188,0.9911,3.3,0.41,12,white
10,0.58,0.22,1.9,0.08,9,32,0.9974,3.13,0.55,9.5,red
7.7,0.28,0.29,6.9,0.041,29,163,0.9952,3.44,0.6,10.5,white
7.2,0.26,0.3,2.1,0.033,50,158,0.9909,3.33,0.43,12.1,white
9.4,0.4,0.47,2.5,0.087,6,20,0.99772,3.15,0.5,10.5,red
7.6,0.42,0.08,2.7,0.084,15,48,0.9968,3.21,0.59,10,red
7.2,0.635,0.07,2.6,0.077,16,86,0.99748,3.51,0.54,9.7,red
6.1,0.26,0.25,2.9,0.047,289,440,0.99314,3.44,0.64,10.5,white
5.6,0.85,0.05,1.4,0.045,12,88,0.9924,3.56,0.82,12.9,red
7.6,0.16,0.41,1.9,0.047,27,151,0.9937,3.2,0.53,10.1,white
8.3,0.39,0.7,10.6,0.045,33,169,0.9976,3.09,0.57,9.4,white
7.8,0.55,0.35,2.2,0.074,21,66,0.9974,3.25,0.56,9.2,red
6.3,0.31,0.3,10,0.046,49,212,0.9962,3.74,0.55,11.9,white
6.5,0.18,0.29,1.7,0.035,39,144,0.9927,3.49,0.5,10.5,white
7.8,0.965,0.6,65.8,0.074,8,160,1.03898,3.39,0.69,11.7,white
7.8,0.63,0.48,1.7,0.1,14,96,0.9961,3.19,0.62,9.5,red
6.6,0.36,0.47,1.4,0.145,26,124,0.99274,3.09,0.56,10.1,white
5.9,0.61,0.08,2.1,0.071,16,24,0.99376,3.56,0.77,11.1,red
6,0.11,0.47,10.6,0.052,69,148,0.9958,2.91,0.34,9.3,white
6,0.18,0.27,1.5,0.089,40,143,0.9923,3.49,0.62,10.8,white
11.5,0.35,0.49,3.3,0.07,10,37,1.0003,3.32,0.91,11,red
6.9,0.31,0.32,1.2,0.024,20,166,0.99208,3.05,0.54,9.8,white
9.1,0.52,0.33,1.3,0.07,9,30,0.9978,3.24,0.6,9.3,red
5.1,0.52,0.06,2.7,0.052,30,79,0.9932,3.32,0.43,9.3,white
7.8,0.25,0.34,13.7,0.044,66,184,0.99976,3.22,0.75,8.9,white
7.9,0.33,0.41,1.5,0.056,6,35,0.99396,3.29,0.71,11,red
7.4,0.38,0.34,8.3,0.052,44,168,0.99627,3.11,0.52,9.2,white
6.8,0.45,0.28,26.05,0.031,27,122,1.00295,3.06,0.42,10.6,white
8.1,0.33,0.36,7.4,0.037,36,156,0.99592,3.19,0.54,10.6,white
5,1.04,0.24,1.6,0.05,32,96,0.9934,3.74,0.62,11.5,red
7.1,0.2,0.27,9.6,0.037,19,105,0.99444,3.04,0.37,10.5,white
7.8,0.32,0.44,2.7,0.104,8,17,0.99732,3.33,0.78,11,red
6.5,0.88,0.03,5.6,0.079,23,47,0.99572,3.58,0.5,11.2,red
6.2,0.35,0.04,1.2,0.06,23,108,0.9934,3.26,0.54,9.2,white
7.4,0.16,0.3,13.7,0.056,33,168,0.99825,2.9,0.44,8.7,white
6,0.29,0.41,10.8,0.048,55,149,0.9937,3.09,0.59,11,white
10,0.46,0.44,2.9,0.065,4,8,0.99674,3.33,0.62,12.2,red
6.6,0.21,0.3,9.9,0.041,64,174,0.995,3.07,0.5,10.1,white
6.8,0.25,0.27,10.7,0.076,47,154,0.9967,3.05,0.38,9,white
8.9,0.38,0.4,2.2,0.068,12,28,0.99486,3.27,0.75,12.6,red
8.5,0.585,0.18,2.1,0.078,5,30,0.9967,3.2,0.48,9.8,red
10.8,0.26,0.45,3.3,0.06,20,49,0.9972,3.13,0.54,9.6,red
6.8,0.26,0.24,7.8,0.052,54,214,0.9961,3.13,0.47,8.9,white
7.3,0.27,0.37,9.7,0.042,36,130,0.9979,3.48,0.75,9.9,white
9.2,0.63,0.21,2.7,0.097,29,65,0.9988,3.28,0.58,9.6,red
6.9,0.32,0.26,8.3,0.053,32,180,0.9965,3.25,0.51,9.2,white
6.3,0.25,0.23,14.9,0.039,47,142,0.99705,3.14,0.35,9.7,white
7.3,0.73,0.24,1.9,0.108,18,102,0.9967,3.26,0.59,9.3,red
8.7,0.78,0.51,1.7,0.415,12,66,0.99623,3,1.17,9.2,red
7.7,0.44,0.24,11.2,0.031,41,167,0.9948,3.12,0.43,11.3,white
9.9,0.49,0.58,3.5,0.094,9,43,1.0004,3.29,0.58,9,red
6.8,0.775,0,3,0.102,8,23,0.9965,3.45,0.56,10.7,red
6.4,0.17,0.32,2.4,0.048,41,200,0.9938,3.5,0.5,9.7,white
6.4,0.26,0.3,2.2,0.025,33,134,0.992,3.21,0.47,10.6,white
6.9,0.765,0.18,2.4,0.243,5.5,48,0.99612,3.4,0.6,10.3,red
6,0.19,0.26,12.4,0.048,50,147,0.9972,3.3,0.36,8.9,white
7.4,0.19,0.49,9.3,0.03,26,132,0.994,2.99,0.32,11,white
7,0.58,0.12,1.9,0.091,34,124,0.9956,3.44,0.48,10.5,red
6.6,0.15,0.32,6,0.033,59,128,0.99192,3.19,0.71,12.1,white
8,0.18,0.37,0.9,0.049,36,109,0.99007,2.89,0.44,12.7,red
6.9,0.16,0.35,1.3,0.043,21,182,0.9927,3.25,0.62,10.8,white
7.5,0.725,0.04,1.5,0.076,8,15,0.99508,3.26,0.53,9.6,red
8.3,0.65,0.1,2.9,0.089,17,40,0.99803,3.29,0.55,9.5,red
6.8,0.11,0.27,8.6,0.044,45,104,0.99454,3.2,0.37,9.9,white
7.4,0.29,0.38,1.7,0.062,9,30,0.9968,3.41,0.53,9.5,red
7.7,0.915,0.12,2.2,0.143,7,23,0.9964,3.35,0.65,10.2,red
6.8,0.21,0.36,18.1,0.046,32,133,1,3.27,0.48,8.8,white
7,0.69,0,1.9,0.114,3,10,0.99636,3.35,0.6,9.7,red
6.6,0.28,0.36,1.7,0.038,22,101,0.9912,3.29,0.57,11.6,white
5.2,0.21,0.31,1.7,0.048,17,61,0.98953,3.24,0.37,12,white
6.4,0.24,0.29,1,0.038,18,122,0.9906,3.3,0.42,11.5,white
7.9,0.34,0.42,2,0.086,8,19,0.99546,3.35,0.6,11.4,red
5.8,0.29,0.26,1.7,0.063,3,11,0.9915,3.39,0.54,13.5,red
7,0.685,0,1.9,0.067,40,63,0.9979,3.6,0.81,9.9,red
6.4,0.2,0.22,7.4,0.032,53,172,0.99404,3.24,0.58,11,white
8.1,0.66,0.22,2.2,0.069,9,23,0.9968,3.3,1.2,10.3,red
7,0.43,0.3,2,0.085,6,39,0.99346,3.33,0.46,11.9,red
5.5,0.62,0.33,1.7,0.037,24,118,0.98758,3.15,0.39,13.55,white
7.2,0.36,0.46,2.1,0.074,24,44,0.99534,3.4,0.85,11,red
8.3,0.42,0.38,2.5,0.094,24,60,0.9979,3.31,0.7,10.8,red
8.2,0.68,0.3,2.1,0.047,17,138,0.995,3.22,0.71,10.8,white
6.7,0.76,0.02,1.8,0.078,6,12,0.996,3.55,0.63,9.95,red
6.6,0.61,0.01,1.9,0.08,8,25,0.99746,3.69,0.73,10.5,red
7.4,0.16,0.32,1.4,0.065,23,140,0.99134,3.06,0.47,11.4,white
7.4,0.25,0.37,6.9,0.02,14,93,0.9939,3,0.48,10.7,white
8.7,0.22,0.42,2.3,0.053,27,114,0.994,2.99,0.43,10,white
8.2,0.24,0.34,5.1,0.062,8,22,0.9974,3.22,0.94,10.9,red
6.6,0.23,0.32,0.9,0.041,25,79,0.9926,3.39,0.54,10.2,white
9.3,0.36,0.39,1.5,0.08,41,55,0.99652,3.47,0.73,10.9,red
8.4,0.6,0.1,2.2,0.085,14,111,0.9964,3.15,0.66,9.8,red
7.9,0.69,0.21,2.1,0.08,33,141,0.9962,3.25,0.51,9.9,red
10.4,0.26,0.48,1.9,0.066,6,10,0.99724,3.33,0.87,10.9,red
7,0.69,0.07,2.5,0.091,15,21,0.99572,3.38,0.6,11.3,red
7.5,0.58,0.14,2.2,0.077,27,60,0.9963,3.28,0.59,9.8,red
7,0.25,0.45,2.3,0.045,40,118,0.99064,3.16,0.48,11.9,white
8.8,0.34,0.33,9.7,0.036,46,172,0.9966,3.08,0.4,10.2,white
5.9,0.21,0.24,12.1,0.044,53,165,0.9969,3.25,0.39,9.5,white
7.5,0.19,0.4,7.1,0.056,50,110,0.9954,3.06,0.52,9.9,white
6.8,0.61,0.2,1.8,0.077,11,65,0.9971,3.54,0.58,9.3,red
6.2,0.16,0.32,1.1,0.036,74,184,0.99096,3.22,0.41,11,white
7.5,0.42,0.31,1.6,0.08,15,42,0.9978,3.31,0.64,9,red
7.7,0.6,0,2.6,0.055,7,13,0.99639,3.38,0.56,10.8,red
7.4,0.52,0.13,2.4,0.078,34,61,0.99528,3.43,0.59,10.8,red
8.2,0.27,0.39,7.8,0.039,49,208,0.9976,3.31,0.51,9.5,white
6.4,0.28,0.44,7.1,0.048,49,179,0.99528,3.15,0.48,9.2,white
7.2,0.19,0.39,1.2,0.036,32,85,0.9918,3.16,0.5,10.5,white
8.2,1,0.09,2.3,0.065,7,37,0.99685,3.32,0.55,9,red
8.3,0.4,0.41,8.2,0.05,15,122,0.9979,3.39,0.49,9.3,white
11.1,0.31,0.53,2.2,0.06,3,10,0.99572,3.02,0.83,10.9,red
8,0.59,0.16,1.8,0.065,3,16,0.9962,3.42,0.92,10.5,red
7.9,0.37,0.23,1.8,0.077,23,49,0.9963,3.28,0.67,9.3,red
7,0.49,0.49,5.6,0.06,26,121,0.9974,3.34,0.76,10.5,red
6.9,0.19,0.4,1.4,0.036,14,55,0.9909,3.08,0.68,11.5,white
7.3,0.19,0.27,13.9,0.057,45,155,0.99807,2.94,0.41,8.8,white
7.4,0.17,0.29,1.4,0.047,23,107,0.9939,3.52,0.65,10.4,white
8.9,0.62,0.19,3.9,0.17,51,148,0.9986,3.17,0.93,9.2,red
9.9,0.32,0.56,2,0.073,3,8,0.99534,3.15,0.73,11.4,red
8.2,0.26,0.34,2.5,0.073,16,47,0.99594,3.4,0.78,11.3,red
8.4,0.665,0.61,2,0.112,13,95,0.997,3.16,0.54,9.1,red
7.3,0.585,0.18,2.4,0.078,15,60,0.99638,3.31,0.54,9.8,red
5.6,0.28,0.27,3.9,0.043,52,158,0.99202,3.35,0.44,10.7,white
6.3,0.17,0.32,4.2,0.04,37,117,0.99182,3.24,0.43,11.3,white
6.4,0.57,0.02,1.8,0.067,4,11,0.997,3.46,0.68,9.5,red
8.3,0.26,0.37,1.4,0.076,8,23,0.9974,3.26,0.7,9.6,red
7.9,0.36,0.53,12.9,0.049,63,139,0.99792,2.94,0.45,9.1,white
8.4,0.37,0.53,1.8,0.413,9,26,0.9979,3.06,1.06,9.1,red
9.2,0.41,0.5,2.5,0.055,12,25,0.9952,3.34,0.79,13.3,red
6.9,1.09,0.06,2.1,0.061,12,31,0.9948,3.51,0.43,11.4,red
6.8,0.26,0.22,7.7,0.047,57,210,0.9959,3.1,0.47,9,white
10.5,0.59,0.49,2.1,0.07,14,47,0.9991,3.3,0.56,9.6,red
6.8,0.33,0.31,7.4,0.045,34,143,0.99226,3.06,0.55,12.2,white
6.1,0.16,0.24,1.4,0.046,17,77,0.99319,3.66,0.57,10.3,white
7.6,0.51,0.15,2.8,0.11,33,73,0.9955,3.17,0.63,10.2,red
7,0.32,0.35,1.5,0.039,24,125,0.9918,3.17,0.64,12.2,white
7.6,0.2,0.34,1.8,0.041,42,148,0.99335,3.35,0.66,11.1,white
5.4,0.74,0,1.2,0.041,16,46,0.99258,4.01,0.59,12.5,red
7.4,0.27,0.31,2.4,0.014,15,143,0.99094,3.03,0.65,12,white
9.1,0.28,0.49,2,0.059,10,112,0.9958,3.15,0.46,10.1,white
7.5,0.6,0.03,1.8,0.095,25,99,0.995,3.35,0.54,10.1,red
6.2,0.26,0.2,8,0.047,35,111,0.99445,3.11,0.42,10.4,white
7,0.53,0.02,1,0.036,39,107,0.993,3.2,0.32,9,white
7.7,0.34,0.58,11.1,0.039,41,151,0.9978,3.06,0.49,8.6,white
8.6,0.26,0.41,2.2,0.049,29,111,0.9941,2.96,0.44,10,white
7,0.24,0.36,4.9,0.083,10,133,0.9942,3.33,0.37,10.8,white
7.7,0.41,0.76,1.8,0.611,8,45,0.9968,3.06,1.26,9.4,red
6.6,0.61,0,1.6,0.069,4,8,0.99396,3.33,0.37,10.4,red
6.8,0.36,0.32,1.8,0.067,4,8,0.9928,3.36,0.55,12.8,red
7.2,0.3,0.3,8.7,0.022,14,111,0.99576,3.11,0.61,10.6,white
7,0.23,0.42,5.1,0.042,37,144,0.99518,3.5,0.59,10.2,white
7.9,0.14,0.28,1.8,0.041,44,178,0.9954,3.45,0.43,9.2,white
6.4,0.43,0.32,1.4,0.048,10,67,0.992,3.08,0.41,11.4,white
7.5,0.24,0.31,13.1,0.05,26,180,0.99884,3.05,0.53,9.1,white
9.1,0.5,0.3,1.9,0.065,8,17,0.99774,3.32,0.71,10.5,red
6.3,0.26,0.49,1.5,0.052,34,134,0.9924,2.99,0.61,9.8,white
6.7,0.35,0.48,8.8,0.056,35,167,0.99628,3.04,0.47,9.4,white
6.5,0.4,0.1,2,0.076,30,47,0.99554,3.36,0.48,9.4,red
8.4,0.31,0.29,3.1,0.194,14,26,0.99536,3.22,0.78,12,red
7.4,0.34,0.28,12.1,0.049,31,149,0.99677,3.22,0.49,10.3,white
6.2,0.76,0.01,3.2,0.041,18,120,0.99026,3.2,0.94,13.7,white
7.8,0.27,0.34,1.6,0.046,27,154,0.9927,3.05,0.45,10.5,white
6.7,0.26,0.26,4.1,0.073,36,202,0.9956,3.3,0.67,9.5,white
7.5,0.61,0.26,1.9,0.073,24,88,0.99612,3.3,0.53,9.8,red
7.7,0.54,0.26,1.9,0.089,23,147,0.99636,3.26,0.59,9.7,red
8.4,0.59,0.29,2.6,0.109,31,119,0.99801,3.15,0.5,9.1,red
7.1,0.46,0.14,2.8,0.076,15,37,0.99624,3.36,0.49,10.7,red
6.9,0.67,0.06,2.1,0.08,8,33,0.99845,3.68,0.71,9.6,red
7.2,1,0,3,0.102,7,16,0.99586,3.43,0.46,10,red
6.3,1.02,0,2,0.083,17,24,0.99437,3.59,0.55,11.2,red
9.3,0.48,0.29,2.1,0.127,6,16,0.9968,3.22,0.72,11.2,red
12.1,0.4,0.52,2,0.092,15,54,1,3.03,0.66,10.2,red
8.5,0.21,0.26,9.25,0.034,73,142,0.9945,3.05,0.37,11.4,white
6.3,0.55,0.15,1.8,0.077,26,35,0.99314,3.32,0.82,11.6,red
7.5,0.55,0.24,2,0.078,10,28,0.9983,3.45,0.78,9.5,red
8.6,0.37,0.65,6.4,0.08,3,8,0.99817,3.27,0.58,11,red
7.2,0.58,0.54,2.1,0.114,3,9,0.99719,3.33,0.57,10.3,red
10.2,0.36,0.64,2.9,0.122,10,41,0.998,3.23,0.66,12.5,red
6.9,0.765,0.02,2.3,0.063,35,63,0.9975,3.57,0.78,9.9,red
11.5,0.59,0.59,2.6,0.087,13,49,0.9988,3.18,0.65,11,red
6.7,0.22,0.39,10.2,0.038,60,149,0.99725,3.17,0.54,10,white
7.3,0.36,0.62,7.1,0.033,48,185,0.99472,3.14,0.62,10.6,white
7.7,0.715,0.01,2.1,0.064,31,43,0.99371,3.41,0.57,11.8,red
7,0.44,0.24,12.1,0.056,68,210,0.99718,3.05,0.5,9.5,white
7.4,0.53,0.12,1.9,0.165,4,12,0.99702,3.26,0.86,9.2,red
6.4,0.42,0.46,8.4,0.05,58,180,0.99495,3.18,0.46,9.7,white
11.6,0.41,0.58,2.8,0.096,25,101,1.00024,3.13,0.53,10,red
8.6,0.49,0.29,2,0.11,19,133,0.9972,2.93,1.98,9.8,red
9.4,0.34,0.37,2.2,0.075,5,13,0.998,3.22,0.62,9.2,red
6.8,0.63,0.04,1.3,0.058,25,133,0.99271,3.17,0.39,10.2,white
8.5,0.19,0.48,1.1,0.026,23,58,0.99184,2.9,0.5,10.5,white
7.7,0.38,0.4,2,0.038,28,152,0.9906,3.18,0.32,12.9,white
7.1,0.46,0.14,2.8,0.076,15,37,0.99624,3.36,0.49,10.7,red
7.6,0.18,0.49,18.05,0.046,36,158,0.9996,3.06,0.41,9.2,white
7,0.64,0.02,2.1,0.067,9,23,0.997,3.47,0.67,9.4,red
9.1,0.66,0.15,3.2,0.097,9,59,0.99976,3.28,0.54,9.6,red
6.1,0.32,0.24,1.5,0.036,38,124,0.9898,3.29,0.42,12.4,white
5.7,0.28,0.24,17.5,0.044,60,167,0.9989,3.31,0.44,9.4,white
6.8,0.11,0.27,8.6,0.044,45,104,0.99454,3.2,0.37,9.9,white
6.7,0.25,0.33,2.9,0.057,52,173,0.9934,3.02,0.48,9.5,white
7.2,0.25,0.37,2.5,0.063,11,41,0.99439,3.52,0.8,12.4,red
5.6,0.2,0.66,10.2,0.043,78,175,0.9945,2.98,0.43,10.4,white
8.6,0.47,0.3,3,0.076,30,135,0.9976,3.3,0.53,9.4,red
6.6,0.52,0.08,2.4,0.07,13,26,0.99358,3.4,0.72,12.5,red
7.7,0.27,0.61,12,0.046,64,179,0.9982,3.07,0.46,8.9,white
6.7,0.18,0.3,6.4,0.048,40,251,0.9956,3.29,0.52,10,white
7.3,0.66,0,2,0.084,6,23,0.9983,3.61,0.96,9.9,red
6.9,0.39,0.24,2.1,0.102,4,7,0.99462,3.44,0.58,11.4,red
7.5,0.51,0.02,1.7,0.084,13,31,0.99538,3.36,0.54,10.5,red
5.3,0.2,0.31,3.6,0.036,22,91,0.99278,3.41,0.5,9.8,white
8.8,0.59,0.18,2.9,0.089,12,74,0.99738,3.14,0.54,9.4,red
11.5,0.41,0.52,3,0.08,29,55,1.0001,3.26,0.88,11,red
6.7,0.29,0.49,4.7,0.034,35,156,0.9945,3.13,0.45,9.9,white
7.3,0.205,0.31,1.7,0.06,34,110,0.9963,3.72,0.69,10.5,white
6.5,0.29,0.32,3,0.036,38,93,0.9906,3.16,0.59,12,white
7.8,0.53,0.33,2.4,0.08,24,144,0.99655,3.3,0.6,9.5,red
7.5,0.28,0.41,1.3,0.044,11,126,0.99293,3.28,0.45,10.3,white
8.8,0.33,0.41,5.9,0.073,7,13,0.99658,3.3,0.62,12.1,red
5.2,0.2,0.27,3.2,0.047,16,93,0.99235,3.44,0.53,10.1,white
7.4,0.19,0.3,12.8,0.053,48.5,229,0.9986,3.14,0.49,9.1,white
7.2,0.23,0.39,1.5,0.053,26,106,0.99166,3.18,0.47,11.1,white
8.1,0.785,0.52,2,0.122,37,153,0.9969,3.21,0.69,9.3,red
9.6,0.655,0.21,2,0.039,21,120,0.99188,3,1,12.6,white
8.1,0.19,0.4,0.9,0.037,73,180,0.9926,3.06,0.34,10,white
6.8,0.28,0.4,22,0.048,48,167,1.001,2.93,0.5,8.7,white
9.1,0.5,0.3,1.9,0.065,8,17,0.99774,3.32,0.71,10.5,red
9.6,0.68,0.24,2.2,0.087,5,28,0.9988,3.14,0.6,10.2,red
6.5,0.25,0.27,15.2,0.049,75,217,0.9972,3.19,0.39,9.9,white
7.2,0.62,0.06,2.5,0.078,17,84,0.99746,3.51,0.53,9.7,red
7.6,0.63,0.03,2,0.08,27,43,0.99578,3.44,0.64,10.9,red
7.6,0.21,0.35,1.2,0.041,7,106,0.9914,3.06,0.45,11.3,white
6,0.41,0.21,1.9,0.05,29,122,0.9928,3.42,0.52,10.5,white
9.8,0.44,0.47,2.5,0.063,9,28,0.9981,3.24,0.65,10.8,red
8.7,0.54,0.26,2.5,0.097,7,31,0.9976,3.27,0.6,9.3,red
8.9,0.35,0.4,3.6,0.11,12,24,0.99549,3.23,0.7,12,red
7.9,0.255,0.26,2,0.026,40,190,0.9932,3.04,0.39,11.2,white
8.3,0.54,0.28,1.9,0.077,11,40,0.9978,3.39,0.61,10,red
6.4,0.5,0.16,12.9,0.042,26,138,0.9974,3.28,0.33,9,white
6.2,0.2,0.32,2.8,0.05,17,126,0.9936,3.18,0.55,9.4,white
6.4,0.26,0.22,5.1,0.037,23,131,0.9944,3.29,0.32,10.1,white
7,0.24,0.3,4.2,0.04,41,213,0.9927,3.28,0.49,11.8,white
8.3,0.705,0.12,2.6,0.092,12,28,0.9994,3.51,0.72,10,red
7.1,0.6,0,1.8,0.074,16,34,0.9972,3.47,0.7,9.9,red
10.7,0.9,0.34,6.6,0.112,23,99,1.00289,3.22,0.68,9.3,red
9.9,0.63,0.24,2.4,0.077,6,33,0.9974,3.09,0.57,9.4,red
7.2,0.4,0.62,10.8,0.041,70,189,0.9976,3.08,0.49,8.6,white
8.1,0.66,0.7,2.2,0.098,25,129,0.9972,3.08,0.53,9,red
12,0.28,0.49,1.9,0.074,10,21,0.9976,2.98,0.66,9.9,red
8,0.33,0.53,2.5,0.091,18,80,0.9976,3.37,0.8,9.6,red
7.2,0.23,0.39,2.3,0.033,29,102,0.9908,3.26,0.54,12.3,white
7.2,0.21,0.36,15.7,0.045,68,183,0.99922,3.25,0.76,9.4,white
10.4,0.55,0.23,2.7,0.091,18,48,0.9994,3.22,0.64,10.3,red
6.9,0.28,0.28,12.2,0.042,52,139,0.99522,3.03,0.56,10.4,white
7.6,0.48,0.31,2.8,0.07,4,15,0.99693,3.22,0.55,10.3,red
6.4,0.31,0.28,1.5,0.037,12,119,0.9919,3.32,0.51,10.4,white
6.1,0.38,0.15,1.8,0.072,6,19,0.9955,3.42,0.57,9.4,red
8.6,0.8,0.11,2.3,0.084,12,31,0.9979,3.4,0.48,9.9,red
9.9,0.49,0.23,2.4,0.087,19,115,0.9948,2.77,0.44,9.4,white
7.5,0.32,0.49,1.7,0.031,44,109,0.9906,3.07,0.46,12.5,white
6.1,0.32,0.33,10.7,0.036,27,98,0.99521,3.34,0.52,10.2,white
7.8,0.82,0.29,4.3,0.083,21,64,0.99642,3.16,0.53,9.4,red
9.3,0.32,0.57,2,0.074,27,65,0.9969,3.28,0.79,10.7,red
6.5,0.37,0.33,3.5,0.036,23,92,0.99136,3.18,0.38,11.2,white
6.3,0.21,0.28,1.5,0.051,46,142,0.9928,3.23,0.42,10.1,white
8.7,0.54,0.26,2.5,0.097,7,31,0.9976,3.27,0.6,9.3,red
10,0.48,0.24,2.7,0.102,13,32,1,3.28,0.56,10,red
6.5,0.51,0.15,3,0.064,12,27,0.9929,3.33,0.59,12.8,red
6.4,0.18,0.35,1,0.045,39,108,0.9911,3.31,0.35,10.9,white
6.6,0.735,0.02,7.9,0.122,68,124,0.9994,3.47,0.53,9.9,red
8.3,0.76,0.29,4.2,0.075,12,16,0.9965,3.45,0.68,11.5,red
7.9,0.65,0.01,2.5,0.078,17,38,0.9963,3.34,0.74,11.7,red
7.2,0.16,0.26,7.1,0.054,41,224,0.9966,3.38,0.55,10.1,white
6.1,0.36,0.16,6.4,0.037,36,198,0.9944,3.17,0.62,9.9,white
7.7,0.96,0.2,2,0.047,15,60,0.9955,3.36,0.44,10.9,red
12.7,0.6,0.65,2.3,0.063,6,25,0.9997,3.03,0.57,9.9,red
8.3,0.28,0.45,7.8,0.059,32,139,0.9972,3.33,0.77,11.2,white
6.6,0.5,0,1.8,0.062,21,28,0.99352,3.44,0.55,12.3,red
6.8,0.815,0,1.2,0.267,16,29,0.99471,3.32,0.51,9.8,red
11.6,0.42,0.53,3.3,0.105,33,98,1.001,3.2,0.95,9.2,red
6.5,0.22,0.28,3.7,0.059,29,151,0.99177,3.23,0.41,12.1,white
7,0.22,0.29,8.9,0.05,24,90,0.99556,3.29,0.46,9.8,white
8.2,0.28,0.6,3,0.104,10,22,0.99828,3.39,0.68,10.6,red
15,0.21,0.44,2.2,0.075,10,24,1.00005,3.07,0.84,9.2,red
7.1,0.6,0.01,2.3,0.079,24,37,0.99514,3.4,0.61,10.9,red
7.7,0.28,0.39,8.9,0.036,8,117,0.9935,3.06,0.38,12,white
6.6,0.36,0.24,0.9,0.038,15,72,0.99066,3.23,0.39,11,white
8.9,0.59,0.39,2.3,0.095,5,22,0.9986,3.37,0.58,10.3,red
7.2,0.41,0.3,2.1,0.083,35,72,0.997,3.44,0.52,9.4,red
8.2,0.39,0.38,1.5,0.058,10,29,0.9962,3.26,0.74,9.8,red
8,0.45,0.23,2.2,0.094,16,29,0.9962,3.21,0.49,10.2,red
6.1,0.3,0.3,2.1,0.031,50,163,0.9895,3.39,0.43,12.7,white
8.2,0.23,0.4,7.5,0.049,12,76,0.9966,3.06,0.84,9.7,white
12.5,0.46,0.49,4.5,0.07,26,49,0.9981,3.05,0.57,9.6,red
7.3,0.25,0.36,2.1,0.034,30,177,0.99085,3.25,0.4,11.9,white
6.9,0.44,0,1.4,0.07,32,38,0.99438,3.32,0.58,11.4,red
6.1,0.23,0.27,9.8,0.055,74,134,0.99534,3.16,0.4,10.2,white
6.4,0.17,0.27,9.9,0.047,26,101,0.99596,3.34,0.5,9.9,white
7.6,0.74,0,1.9,0.1,6,12,0.99521,3.36,0.59,11,red
6.8,0.27,0.24,4.6,0.098,36,127,0.99412,3.15,0.49,9.6,white
6.8,0.23,0.42,7.4,0.044,56,189,0.9958,3.22,0.48,9.3,white
6.7,0.13,0.32,3.7,0.017,32,99,0.99348,3.12,0.44,10,white
6.3,0.76,0,2.9,0.072,26,52,0.99379,3.51,0.6,11.5,red
9.6,0.77,0.12,2.9,0.082,30,74,0.99865,3.3,0.64,10.4,red
7,0.34,0.1,3.5,0.044,17,63,0.9937,3.01,0.39,9.2,white
7.9,0.31,0.32,1.9,0.066,14,36,0.99364,3.41,0.56,12.6,red
8,0.52,0.03,1.7,0.07,10,35,0.99575,3.34,0.57,10,red
10,0.73,0.43,2.3,0.059,15,31,0.9966,3.15,0.57,11,red
7.9,0.18,0.4,1.8,0.062,7,20,0.9941,3.28,0.7,11.1,red
6.9,0.3,0.3,1.3,0.053,24,186,0.99361,3.29,0.54,9.9,white
7.8,0.29,0.33,8.75,0.035,33,181,0.9962,3.11,0.46,10.7,white
8,0.67,0.3,2,0.06,38,62,0.9958,3.26,0.56,10.2,red
7.9,0.19,0.42,1.6,0.057,18,30,0.994,3.29,0.69,11.2,red
11.5,0.18,0.51,4,0.104,4,23,0.9996,3.28,0.97,10.1,red
6.4,0.3,0.33,5.2,0.05,30,137,0.99304,3.26,0.58,11.1,white
6.5,0.35,0.28,12.4,0.051,86,213,0.9962,3.16,0.51,9.9,white
7.6,0.715,0,2.1,0.068,30,35,0.99533,3.48,0.65,11.4,red
10.5,0.51,0.64,2.4,0.107,6,15,0.9973,3.09,0.66,11.8,red
8.5,0.17,0.49,8.8,0.048,23,108,0.9947,2.88,0.34,10.5,white
7.6,0.27,0.42,2.6,0.044,29,110,0.9912,3.31,0.51,12.7,white
7,0.32,0.31,6.4,0.031,38,115,0.99235,3.38,0.58,12.2,white
6.1,0.15,0.35,15.8,0.042,55,158,0.99642,3.24,0.37,10.6,white
7.6,0.735,0.02,2.5,0.071,10,14,0.99538,3.51,0.71,11.7,red
6.1,0.28,0.24,19.95,0.074,32,174,0.99922,3.19,0.44,9.3,white
6.6,0.88,0.04,2.2,0.066,12,20,0.99636,3.53,0.56,9.9,red
7.3,0.38,0.21,2,0.08,7,35,0.9961,3.33,0.47,9.5,red
10.5,0.42,0.66,2.95,0.116,12,29,0.997,3.24,0.75,11.7,red
9.9,0.4,0.53,6.7,0.097,6,19,0.9986,3.27,0.82,11.7,red
7.4,0.38,0.34,8.3,0.052,44,168,0.99627,3.11,0.52,9.2,white
7.9,0.66,0,1.4,0.096,6,13,0.99569,3.43,0.58,9.5,red
5.3,0.715,0.19,1.5,0.161,7,62,0.99395,3.62,0.61,11,red
7.3,0.34,0.3,1.3,0.057,25,173,0.9948,3.26,0.51,9.1,white
6.3,0.32,0.26,12,0.049,63,170,0.9961,3.14,0.55,9.9,white
6.8,0.18,0.3,12.8,0.062,19,171,0.99808,3,0.52,9,white
7,0.2,0.34,2.1,0.049,12,136,0.9922,3.25,0.46,11.6,white
6.8,0.32,0.3,3.3,0.029,15,80,0.99061,3.33,0.63,12.6,white
12.8,0.615,0.66,5.8,0.083,7,42,1.0022,3.07,0.73,10,red
8.8,0.42,0.21,2.5,0.092,33,88,0.99823,3.19,0.52,9.2,red
6.9,0.24,0.36,20.8,0.031,40,139,0.9975,3.2,0.33,11,white
12.5,0.37,0.55,2.6,0.083,25,68,0.9995,3.15,0.82,10.4,red
7.5,0.38,0.57,2.3,0.106,5,12,0.99605,3.36,0.55,11.4,red
6,0.35,0.51,1.2,0.029,10,102,0.9903,3.46,0.42,11.9,white
7.2,0.21,0.37,1.6,0.049,23,94,0.9924,3.16,0.48,10.9,white
6.5,0.16,0.33,4.8,0.043,45,114,0.992,3.18,0.44,11.2,white
9,0.43,0.34,2.5,0.08,26,86,0.9987,3.38,0.62,9.5,red
5.8,0.24,0.26,10.05,0.039,63,162,0.99375,3.33,0.5,11.2,white
6.9,0.63,0.01,2.4,0.076,14,39,0.99522,3.34,0.53,10.8,red
10,0.35,0.47,2,0.061,6,11,0.99585,3.23,0.52,12,red
8.4,0.36,0.32,2.2,0.081,32,79,0.9964,3.3,0.72,11,red
7.7,0.26,0.26,2,0.052,19,77,0.9951,3.15,0.79,10.9,red
7.6,0.13,0.34,9.3,0.062,40,126,0.9966,3.21,0.39,9.6,white
8.6,0.33,0.4,2.6,0.083,16,68,0.99782,3.3,0.48,9.4,red
11.8,0.33,0.49,3.4,0.093,54,80,1.0002,3.3,0.76,10.7,red
6.7,0.3,0.5,12.1,0.045,38,127,0.9974,3.04,0.53,8.9,white
6.6,0.26,0.21,2.9,0.026,48,126,0.99089,3.22,0.38,11.3,white
6.9,0.4,0.14,2.4,0.085,21,40,0.9968,3.43,0.63,9.7,red
6.9,0.22,0.37,15,0.053,59,178,0.9992,3.37,0.82,9.5,white
8.3,1.02,0.02,3.4,0.084,6,11,0.99892,3.48,0.49,11,red
9.3,0.33,0.45,1.5,0.057,19,37,0.99498,3.18,0.89,11.1,red
6.5,0.43,0.18,13.15,0.032,25,131,0.99565,3.23,0.51,10.7,white
5.8,0.68,0.02,1.8,0.087,21,94,0.9944,3.54,0.52,10,red
8,0.22,0.42,14.6,0.044,45,163,1.0003,3.21,0.69,8.6,white
7,0.27,0.32,6.8,0.047,47,193,0.9938,3.23,0.39,11.4,white
5.2,0.155,0.33,1.6,0.028,13,59,0.98975,3.3,0.84,11.9,white
5.7,0.4,0.35,5.1,0.026,17,113,0.99052,3.18,0.67,12.4,white
6.1,0.22,0.49,1.5,0.051,18,87,0.9928,3.3,0.46,9.6,white
9.1,0.64,0.23,3.1,0.095,13,38,0.9998,3.28,0.59,9.7,red
6.9,0.24,0.34,4.7,0.04,43,161,0.9935,3.2,0.59,10.6,white
6.2,0.18,0.49,4.5,0.047,17,90,0.9919,3.27,0.37,11.6,white
8.3,0.61,0.3,2.1,0.084,11,50,0.9972,3.4,0.61,10.2,red
8.9,0.43,0.45,1.9,0.052,6,16,0.9948,3.35,0.7,12.5,red
7.1,0.755,0.15,1.8,0.107,20,84,0.99593,3.19,0.5,9.5,red
6.8,0.81,0.05,2,0.07,6,14,0.99562,3.51,0.66,10.8,red
7.7,0.775,0.42,1.9,0.092,8,86,0.9959,3.23,0.59,9.5,red
7.9,0.4,0.29,1.8,0.157,1,44,0.9973,3.3,0.92,9.5,red
10.2,0.34,0.48,2.1,0.052,5,9,0.99458,3.2,0.69,12.1,red
15.9,0.36,0.65,7.5,0.096,22,71,0.9976,2.98,0.84,14.9,red
6.2,0.39,0.43,2,0.071,14,24,0.99428,3.45,0.87,11.2,red
7.2,0.14,0.32,1.1,0.022,48,116,0.99218,3.04,0.67,10,white
11.3,0.36,0.66,2.4,0.123,3,8,0.99642,3.2,0.53,11.9,red
6.8,0.18,0.38,1.4,0.038,35,111,0.9918,3.32,0.59,11.2,white
6,0.19,0.37,9.7,0.032,17,50,0.9932,3.08,0.66,12,white
9.3,0.39,0.4,2.6,0.073,10,26,0.9984,3.34,0.75,10.2,red
6.5,0.32,0.23,1.2,0.054,39,208,0.99272,3.18,0.46,9.9,white
10.3,0.32,0.45,6.4,0.073,5,13,0.9976,3.23,0.82,12.6,red
6.3,0.6,0.44,11,0.05,50,245,0.9972,3.19,0.57,9.3,white
7.9,0.42,0.49,8.2,0.056,32,164,0.9965,3.29,0.6,11.2,white
6.7,0.31,0.08,1.3,0.038,58,147,0.9922,3.18,0.46,10,white
6.8,0.41,0.31,8.8,0.084,26,45,0.99824,3.38,0.64,10.1,red
7.1,0.56,0.14,1.6,0.078,7,18,0.99592,3.27,0.62,9.3,red
6.7,0.24,0.36,8.4,0.042,42,123,0.99473,3.34,0.52,10.9,white
7.6,0.52,0.49,14,0.034,37,156,0.9958,3.14,0.38,11.8,white
7.1,0.17,0.31,1.6,0.037,15,103,0.991,3.14,0.5,12,white
7.3,0.55,0.03,1.6,0.072,17,42,0.9956,3.37,0.48,9,red
6.5,0.61,0,2.2,0.095,48,59,0.99541,3.61,0.7,11.5,red
7.6,0.2,0.3,14.2,0.056,53,212.5,0.999,3.14,0.46,8.9,white
6.3,0.28,0.29,6.8,0.051,40,143,0.99374,3.43,0.59,11,white
6,0.33,0.26,5.1,0.051,16,119,0.99416,3.15,0.41,9.2,white
8.2,0.28,0.4,2.4,0.052,4,10,0.99356,3.33,0.7,12.8,red
7.2,0.19,0.31,6.3,0.034,17,103,0.99305,3.15,0.52,11.4,white
8.3,0.58,0.13,2.9,0.096,14,63,0.9984,3.17,0.62,9.1,red
5.7,0.255,0.65,1.2,0.079,17,137,0.99307,3.2,0.42,9.4,white
9.9,0.53,0.57,2.4,0.093,30,52,0.9971,3.19,0.76,11.6,red
8.9,0.875,0.13,3.45,0.088,4,14,0.9994,3.44,0.52,11.5,red
9.9,0.35,0.55,2.1,0.062,5,14,0.9971,3.26,0.79,10.6,red
8.8,0.41,0.64,2.2,0.093,9,42,0.9986,3.54,0.66,10.5,red
8.1,0.87,0,2.2,0.084,10,31,0.99656,3.25,0.5,9.8,red
7.2,0.645,0,1.9,0.097,15,39,0.99675,3.37,0.58,9.2,red
6.7,0.44,0.22,4.3,0.032,19,99,0.99015,3.26,0.53,12.8,white
7.2,0.24,0.29,3,0.036,17,117,0.99411,3.36,0.68,10.1,white
12.2,0.45,0.49,1.4,0.075,3,6,0.9969,3.13,0.63,10.4,red
9.1,0.21,0.37,1.6,0.067,6,10,0.99552,3.23,0.58,11.1,red
8.6,0.83,0,2.8,0.095,17,43,0.99822,3.33,0.6,10.4,red
6.3,0.25,0.53,1.8,0.021,41,101,0.989315,3.19,0.31,13,white
8.7,0.84,0,1.4,0.065,24,33,0.9954,3.27,0.55,9.7,red
6.8,0.44,0.37,5.1,0.047,46,201,0.9938,3.08,0.65,10.5,white
7.8,0.43,0.7,1.9,0.464,22,67,0.9974,3.13,1.28,9.4,red
7.9,0.3,0.68,8.3,0.05,37.5,289,0.99316,3.01,0.51,12.3,red
7.3,0.51,0.26,3.3,0.09,7,135,0.9944,3.01,0.52,8.8,white
8.4,0.25,0.39,2,0.041,4,10,0.99386,3.27,0.71,12.5,red
6.3,0.68,0.01,3.7,0.103,32,54,0.99586,3.51,0.66,11.3,red
7.8,0.55,0,1.7,0.07,7,17,0.99659,3.26,0.64,9.4,red
8.9,0.32,0.31,2,0.088,12,19,0.9957,3.17,0.55,10.4,red
5.7,0.15,0.28,3.7,0.045,57,151,0.9913,3.22,0.27,11.2,white
7.6,0.79,0.21,2.3,0.087,21,68,0.9955,3.12,0.44,9.2,red
9.8,0.66,0.39,3.2,0.083,21,59,0.9989,3.37,0.71,11.5,red
7.2,0.34,0.24,2,0.071,30,52,0.99576,3.44,0.58,10.1,red
9.8,0.98,0.32,2.3,0.078,35,152,0.998,3.25,0.48,9.4,red
10.6,0.31,0.49,2.2,0.063,18,40,0.9976,3.14,0.51,9.8,red
6.9,0.49,0.1,2.3,0.074,12,30,0.9959,3.42,0.58,10.2,red
11.9,0.695,0.53,3.4,0.128,7,21,0.9992,3.17,0.84,12.2,red
7.9,0.34,0.44,6.5,0.027,47,126,0.99124,2.96,0.37,12.5,white
6.5,0.28,0.34,9.9,0.038,30,133,0.9954,3.11,0.44,9.8,white
6.3,0.22,0.57,1.4,0.208,14,96,0.9932,3.16,0.43,10,white
4.4,0.32,0.39,4.3,0.03,31,127,0.98904,3.46,0.36,12.8,white
7,0.34,0.1,3.5,0.044,17,63,0.9937,3.01,0.39,9.2,white
6.8,0.24,0.38,8.3,0.045,50,185,0.99578,3.15,0.5,9.5,white
7,0.39,0.31,5.3,0.169,32,162,0.9965,3.2,0.48,9.4,white
7.3,0.22,0.26,1.5,0.04,32,172,0.99194,3.27,0.48,11.2,white
7,0.44,0.24,12.1,0.056,68,210,0.99718,3.05,0.5,9.5,white
9.6,0.68,0.24,2.2,0.087,5,28,0.9988,3.14,0.6,10.2,red
8.9,0.745,0.18,2.5,0.077,15,48,0.99739,3.2,0.47,9.7,red
7,0.24,0.3,4.2,0.04,41,213,0.9927,3.28,0.49,11.8,white
6.6,0.34,0.28,1.3,0.035,32,90,0.9916,3.1,0.42,10.7,white
8.7,0.41,0.41,6.2,0.078,25,42,0.9953,3.24,0.77,12.6,red
10.7,0.35,0.53,2.6,0.07,5,16,0.9972,3.15,0.65,11,red
5,0.17,0.56,1.5,0.026,24,115,0.9906,3.48,0.39,10.8,white
9.5,0.78,0.22,1.9,0.077,6,32,0.9988,3.26,0.56,10.6,red
6,0.21,0.3,8.7,0.036,47,127,0.99368,3.18,0.39,10.6,white
6.8,0.64,0,2.7,0.123,15,33,0.99538,3.44,0.63,11.3,red
8.3,0.715,0.15,1.8,0.089,10,52,0.9968,3.23,0.77,9.5,red
8.4,0.2,0.31,2.8,0.054,16,89,0.99416,2.96,0.45,9.5,white
7.4,0.58,0,2,0.064,7,11,0.99562,3.45,0.58,11.3,red
6.5,0.26,0.32,6.65,0.059,34,104,0.99254,3.18,0.42,11.1,white
7.1,0.59,0.02,2.3,0.082,24,94,0.99744,3.55,0.53,9.7,red
7,0.69,0.08,1.8,0.097,22,89,0.9959,3.34,0.54,9.2,red
7.7,0.26,0.31,1.3,0.043,47,155,0.9937,3.42,0.5,10.1,white
7.2,0.63,0,1.9,0.097,14,38,0.99675,3.37,0.58,9,red
7,0.29,0.49,3.8,0.047,37,136,0.9938,2.95,0.4,9.4,white
6.6,0.19,0.43,10.9,0.045,53,154,0.99752,3.52,0.77,10.4,white
7,0.47,0.07,1.1,0.035,17,151,0.991,3.02,0.34,10.5,white
6.7,0.24,0.3,10.2,0.07,44,179,0.99666,2.86,0.46,8.9,white
6,0.36,0.39,3.2,0.027,20,125,0.991,3.38,0.39,11.3,white
8.4,0.2,0.38,11.8,0.055,51,170,1.0004,3.34,0.82,8.9,white
7.3,0.2,0.29,19.5,0.039,69,237,1.00037,3.1,0.48,9.2,white
7.5,0.21,0.34,1.2,0.06,26,111,0.9931,3.51,0.47,10.7,white
10.1,0.31,0.44,2.3,0.08,22,46,0.9988,3.32,0.67,9.7,red
5.9,0.26,0.27,18.2,0.048,52,168,0.9993,3.35,0.44,9.4,white
6.3,0.36,0.2,2,0.048,48,191,0.9929,3.17,0.51,9.6,white
7.2,0.24,0.24,1.7,0.045,18,161,0.99196,3.25,0.53,11.2,white
8,0.36,0.39,1.6,0.024,26,93,0.99116,3.15,0.49,11.9,white
6.7,0.18,0.3,6.4,0.048,40,251,0.9956,3.29,0.52,10,white
7.1,0.59,0.01,2.3,0.08,27,43,0.9955,3.42,0.58,10.7,red
7.4,0.25,0.28,7.25,0.028,14,78,0.99238,2.94,0.37,11.5,white
7.7,0.34,0.3,8,0.048,25,192,0.9951,2.97,0.47,10.9,white
5.5,0.24,0.32,8.7,0.06,19,102,0.994,3.27,0.31,10.4,white
7.1,0.69,0.04,2.1,0.068,19,27,0.99712,3.44,0.67,9.8,red
7.9,0.35,0.46,3.6,0.078,15,37,0.9973,3.35,0.86,12.8,red
8.6,0.22,0.36,1.9,0.064,53,77,0.99604,3.47,0.87,11,red
7.2,0.21,0.31,10.5,0.035,36,122,0.99478,3.12,0.4,10.6,white
7.1,0.34,0.28,2,0.082,31,68,0.99694,3.45,0.48,9.4,red
6.7,0.54,0.13,2,0.076,15,36,0.9973,3.61,0.64,9.8,red
7.3,0.33,0.4,6.85,0.038,32,138,0.992,3.03,0.3,11.9,white
6,0.39,0.26,2.7,0.038,39,187,0.99325,3.41,0.5,10.8,white
7,0.805,0,2.5,0.068,7,20,0.9969,3.48,0.56,9.6,red
8.3,0.26,0.42,2,0.08,11,27,0.9974,3.21,0.8,9.4,red
11.4,0.625,0.66,6.2,0.088,6,24,0.9988,3.11,0.99,13.3,red
7.3,1.07,0.09,1.7,0.178,10,89,0.9962,3.3,0.57,9,red
6.7,0.3,0.35,1.4,0.18,36,160,0.9937,3.11,0.54,9.4,white
6.8,0.3,0.33,12.8,0.041,60,168,0.99659,3.1,0.56,9.8,white
8.9,0.5,0.21,2.2,0.088,21,39,0.99692,3.33,0.83,11.1,red
10.6,0.5,0.45,2.6,0.119,34,68,0.99708,3.23,0.72,10.9,red
7.2,0.835,0,2,0.166,4,11,0.99608,3.39,0.52,10,red
5.4,0.42,0.27,2,0.092,23,55,0.99471,3.78,0.64,12.3,red
7.8,0.815,0.01,2.6,0.074,48,90,0.99621,3.38,0.62,10.8,red
6.9,0.34,0.49,7.3,0.045,61,206,0.9957,3.09,0.4,9,white
8.8,0.7,0,1.7,0.069,8,19,0.99701,3.31,0.53,10,red
7.5,0.71,0,1.6,0.092,22,31,0.99635,3.38,0.58,10,red
9.2,0.56,0.18,1.6,0.078,10,21,0.99576,3.15,0.49,9.9,red
6.8,0.32,0.28,4.8,0.034,25,100,0.99026,3.08,0.47,12.4,white
5.3,0.3,0.3,1.2,0.029,25,93,0.98742,3.31,0.4,13.6,white
7.3,0.38,0.23,6.5,0.05,18,102,0.99304,3.1,0.55,11.2,white
9.6,0.32,0.47,1.4,0.056,9,24,0.99695,3.22,0.82,10.3,red
6.5,0.43,0.28,11.25,0.032,31,87,0.9922,3.02,0.38,12.4,white
6.7,0.32,0.44,2.4,0.061,24,34,0.99484,3.29,0.8,11.6,red
6.3,0.3,0.19,7.7,0.049,47,184,0.99514,3.22,0.48,9.5,white
6.7,0.19,0.32,3.7,0.041,26,76,0.99173,2.9,0.57,10.5,white
7.3,0.44,0.2,1.6,0.049,24,64,0.9935,3.38,0.57,11.7,red
7.6,0.29,0.58,17.5,0.041,51,225,0.9997,3.16,0.66,9.5,white
7.5,0.19,0.49,1.6,0.047,42,140,0.9932,3.4,0.47,10.7,white
8,0.45,0.36,8.8,0.026,50,151,0.9927,3.07,0.25,12.7,white
9.5,0.59,0.44,2.3,0.071,21,68,0.9992,3.46,0.63,9.5,red
7.1,0.25,0.25,1.6,0.046,50,181,0.9925,3.2,0.42,11,white
9.9,0.54,0.45,2.3,0.071,16,40,0.9991,3.39,0.62,9.4,red
9.6,0.38,0.31,2.5,0.096,16,49,0.9982,3.19,0.7,10,red
9.5,0.55,0.66,2.3,0.387,12,37,0.9982,3.17,0.67,9.6,red
6.1,0.38,0.14,3.9,0.06,27,113,0.99344,3.07,0.34,9.2,white
8.2,0.73,0.21,1.7,0.074,5,13,0.9968,3.2,0.52,9.5,red
6.6,0.25,0.34,3,0.054,22,141,0.99338,3.26,0.47,10.4,white
7.9,0.33,0.26,1.2,0.044,23,103,0.9932,3.19,0.54,10.5,white
6.6,0.45,0.43,7.2,0.064,31,186,0.9954,3.12,0.44,9.4,white
10.6,0.48,0.64,2.2,0.111,6,20,0.997,3.26,0.66,11.7,red
8,0.24,0.3,17.45,0.056,43,184,0.9997,3.05,0.5,9.2,white
9.5,0.46,0.24,2.7,0.092,14,44,0.998,3.12,0.74,10,red
7.3,0.25,0.26,7.2,0.048,52,207,0.99587,3.12,0.37,9.2,white
9,0.46,0.31,2.8,0.093,19,98,0.99815,3.32,0.63,9.5,red
6.2,0.45,0.2,1.6,0.069,3,15,0.9958,3.41,0.56,9.2,red
6.2,0.31,0.23,3.3,0.052,34,113,0.99429,3.16,0.48,8.4,white
6.5,0.35,0.31,10.2,0.069,58,170,0.99692,3.18,0.49,9.4,white
6.3,0.98,0.01,2,0.057,15,33,0.99488,3.6,0.46,11.2,red
7.2,0.33,0.34,2,0.044,61,171,0.98947,3.25,0.53,13.3,white
7,0.27,0.74,1.5,0.036,27,122,0.9926,3.35,0.48,11.2,white
9.7,0.24,0.45,1.2,0.033,11,59,0.9926,2.74,0.47,10.8,white
7.3,0.25,0.26,7.2,0.048,52,207,0.99587,3.12,0.37,9.2,white
9.4,0.16,0.23,1.6,0.042,14,67,0.9942,3.07,0.32,9.5,white
7,0.25,0.45,2.3,0.045,40,118,0.99064,3.16,0.48,11.9,white
7.2,0.34,0.44,4.2,0.047,51,144,0.991,3.01,0.76,12.3,white
7.2,0.73,0.02,2.5,0.076,16,42,0.9972,3.44,0.52,9.3,red
6.8,0.15,0.41,12.9,0.044,79.5,183,0.99742,3.24,0.78,10.2,white
11.9,0.37,0.69,2.3,0.078,12,24,0.9958,3,0.65,12.8,red
6.3,0.29,0.4,6.5,0.039,43,167,0.9953,3.15,0.44,9.3,white
6.3,0.24,0.29,13.7,0.035,53,134,0.99567,3.17,0.38,10.6,white
7.5,0.42,0.14,10.7,0.046,18,95,0.9959,3.22,0.33,10.7,white
6.7,0.42,0.39,12.1,0.04,61,248,0.99794,3.31,0.58,9.7,white
6.6,0.17,0.35,2.6,0.03,33,78,0.99146,3.22,0.72,11.3,white
5.6,0.19,0.27,0.9,0.04,52,103,0.99026,3.5,0.39,11.2,white
7,0.62,0.18,1.5,0.062,7,50,0.9951,3.08,0.6,9.3,red
8.6,0.685,0.1,1.6,0.092,3,12,0.99745,3.31,0.65,9.55,red
7.2,0.66,0.03,2.3,0.078,16,86,0.99743,3.53,0.57,9.7,red
