id	prediction
1	5.598
2	5.096
3	5.66
4	5.55
5	5.55
6	5.66
7	5.086
8	5.598
9	5.096
10	6.076
11	5.908
12	5.64
13	6.05
14	6.646
15	5.228
16	6.222
17	4.834
18	5.718
19	5.66
20	5.11
21	5.718
22	6.052
23	6.254
24	4.606
25	5.528
26	5.682
27	5.956
28	5.816
29	5.55
30	6.676
31	5.822
32	5.244
33	5.824
34	6.172
35	5.644
36	6.238
37	5.21
38	6.082
39	5.374
40	5.374
41	5.832
42	5.764
43	5.158
44	5.446
45	5.526
46	5.95
47	5.346
48	5.32
49	5.158
50	6.01
51	6.154
52	6.356
53	6.306
54	6.274
55	5.694
56	6.024
57	5.94
58	5.616
59	5.114
60	6.072
61	5.868
62	5.616
63	5.174
64	5.114
65	5.864
66	5.198
67	6.896
68	5.522
69	6.41
70	5.444
71	5.242
72	5.304
73	5.294
74	4.992
75	6.41
76	5.444
77	6.458
78	6.04
79	6.032
80	5.304
81	6.288
82	5.83
83	5.314
84	5.644
85	5.16
86	5.108
87	5.084
88	5.658
89	5.16
90	5.108
91	5.084
92	5.25
93	6.602
94	6.666
95	6.146
96	5.706
97	5.148
98	6.028
99	4.73
100	5.148
101	5.964
102	6.04
103	5.386
104	5.178
105	5.964
106	6.134
107	6.04
108	5.71
109	5.71
110	5.214
111	5.594
112	5.656
113	5.196
114	5.134
115	5.134
116	4.938
117	5.986
118	6.334
119	5.196
120	5.176
121	5.238
122	5.626
123	6.096
124	5.834
125	5.86
126	6.428
127	5.966
128	5.748
129	6.084
130	6.016
131	5.454
132	5.748
133	5.464
134	5.438
135	5.36
136	5.494
137	5.872
138	5.126
139	6.634
140	5.84
141	5.362
142	5.126
143	6.266
144	5.69
145	5.946
146	6.004
147	5.542
148	4.846
149	6.336
150	5.288
151	6.278
152	6.068
153	5.288
154	6.404
155	5.234
156	5.786
157	5.786
158	6.204
159	6.16
160	6.16
161	6.204
162	5.38
163	5.05
164	5.786
165	5.762
166	5.788
167	5.398
168	6.578
169	5.22
170	4.812
171	6.328
172	6.028
173	4.948
174	6.622
175	5.518
176	6.228
177	6.246
178	5.552
179	4.788
180	5.31
181	5.268
182	5.148
183	5.366
184	5.648
185	5.564
186	5.49
187	6.024
188	6.126
189	6.832
190	5.314
191	5.228
192	5.366
193	6.152
194	6.22
195	5.484
196	5.494
197	5.498
198	5.218
199	5.264
200	5.218
201	5.446
202	5.264
203	5.306
204	6.942
205	5.732
206	5.616
207	6.014
208	5.252
209	4.884
210	5.274
211	5.728
212	6.398
213	6.014
214	6.288
215	6.4
216	5.544
217	6.316
218	5.544
219	5.434
220	6.34
221	6.316
222	5.17
223	6.4
224	6.012
225	5.576
226	5.286
227	5.584
228	5.446
229	5.584
230	5.286
231	4.762
232	5.744
233	5.748
234	5.854
235	5.854
236	5.854
237	5.854
238	5.292
239	6.474
240	5.602
241	5.17
242	5.926
243	6.166
244	5.638
245	5.16
246	6.454
247	6.912
248	6.18
249	6.384
250	5.648
251	5.814
252	5.548
253	5.16
254	5.324
255	5.29
256	5.56
257	5.296
258	5.296
259	6.626
260	4.978
261	6.462
262	5.474
263	5.458
264	5.734
265	5.712
266	5.474
267	5.138
268	5.11
269	5.104
270	5.082
271	5.138
272	5.06
273	5.532
274	5.16
275	5.628
276	5.93
277	6.02
278	5.268
279	5.176
280	5.928
281	6.538
282	6.598
283	5.496
284	5.222
285	5.19
286	5.092
287	5.256
288	5.966
289	5.966
290	5.966
291	5.966
292	5.698
293	5.428
294	5.778
295	4.748
296	5.256
297	5.22
298	6.518
299	6.096
300	5.876
301	5.498
302	5.862
303	5.498
304	5.892
305	5.266
306	5.266
307	5.28
308	5.28
309	5.838
310	5.724
311	6.214
312	6.444
313	5.83
314	5.55
315	5.452
316	5.554
317	5.912
318	5.832
319	6.564
320	5.532
321	6.058
322	5.832
323	5.912
324	6.068
325	5.356
326	5.15
327	5.728
328	5.378
329	5.502
330	6.14
331	6.938
332	5.886
333	6.372
334	5.712
335	5.872
336	6.372
337	6.4
338	5.498
339	5.554
340	6.364
341	5.792
342	5.352
343	5.364
344	5.43
345	5.542
346	6.158
347	6.088
348	6.448
349	6.06
350	6.126
351	6.756
352	7.038
353	5.35
354	7.038
355	5.384
356	5.976
357	5.976
358	5.226
359	5.358
360	6.14
361	5.628
362	4.916
363	6.236
364	5.976
365	6.346
366	6.83
367	5.958
368	5.046
369	5.388
370	6.768
371	5.046
372	5.388
373	4.632
374	5.362
375	6.364
376	6.364
377	5.456
378	5.734
379	5.334
380	5.456
381	5.734
382	5.392
383	5.204
384	5.362
385	6.626
386	6.364
387	6.23
388	5.536
389	5.824
390	5.49
391	5.49
392	5.314
393	5.448
394	6.244
395	5.314
396	5.53
397	6.278
398	6.128
399	5.43
400	6.44
401	6.128
402	5.314
403	5.166
404	5.79
405	6.796
406	5.53
407	7.21
408	4.9
409	5.898
410	6.278
411	5.68
412	5.9
413	6.39
414	6.39
415	5.68
416	5.9
417	5.836
418	5.216
419	5.836
420	5.528
421	6.704
422	5.922
423	5.924
424	5.924
425	6.094
426	5.922
427	5.924
428	5.512
429	5.602
430	5.292
431	5.512
432	4.844
433	5.82
434	4.94
435	6.632
436	6.732
437	5.47
438	6.458
439	5.82
440	5.262
441	6.35
442	5.97
443	7.168
444	5.358
445	6.364
446	6.078
447	6.732
448	5.572
449	5.572
450	6.276
451	4.892
452	5.866
453	5.65
454	6.396
455	6.276
456	5.588
457	6.248
458	5.77
459	5.262
460	5.23
461	5.77
462	5.528
463	5.434
464	4.872
465	4.98
466	5.61
467	6.308
468	4.872
469	4.98
470	5.68
471	5.102
472	5.582
473	6.314
474	6.344
475	5.692
476	5.78
477	6.254
478	6.258
479	4.98
480	6.208
481	5.144
482	5.732
483	5.642
484	5.144
485	5.322
486	6.15
487	6.112
488	5.674
489	5.77
490	5.268
491	5.582
492	6.154
493	5.952
494	6.276
495	6.17
496	6.834
497	5.19
498	6.586
499	5.51
500	5.19
501	5.51
502	5.948
503	4.75
504	4.804
505	6.184
506	6.184
507	4.196
508	5.608
509	6.31
510	5.608
511	5.192
512	5.794
513	6.024
514	5.79
515	5.672
516	5.578
517	5.828
518	6.158
519	6.212
520	5.75
521	5.388
522	5.388
523	5.966
524	6.268
525	4.462
526	5.488
527	5.882
528	6.606
529	6.518
530	7.344
531	6.062
532	5.644
533	5.278
534	5.278
535	5.278
536	5.376
537	5.376
538	5.278
539	5.966
540	5.324
541	6.112
542	5.14
543	5.764
544	5.926
545	5.026
546	5.79
547	6.094
548	5.462
549	6.068
550	5.14
551	5.286
552	5.746
553	6.418
554	5.286
555	6.418
556	5.746
557	5.374
558	5.476
559	5.284
560	6.924
561	5.728
562	5.336
563	5.122
564	5.226
565	5.174
566	5.636
567	5.732
568	5.51
569	5.492
570	5.59
571	5.084
572	6.42
573	5.376
574	6.768
575	6.43
576	5.978
577	5.982
578	6.776
579	6.42
580	6.676
581	5.084
582	5.706
583	5.486
584	5.584
585	6.222
586	5.584
587	5.528
588	6.434
589	7.136
590	5.82
591	4.602
592	6.098
593	5.228
594	5.43
595	5.202
596	5.054
597	5.228
598	5.912
599	6.232
600	6.028
601	5.346
602	6.006
603	5.43
604	5.202
605	5.432
606	5.432
607	5.524
608	5.524
609	5.576
610	5.128
611	6.844
612	5.146
613	5.402
614	5.404
615	5.404
616	5.402
617	5.998
618	5.934
619	5.88
620	6.2
621	5.306
622	5.252
623	5.91
624	4.794
625	5.082
626	6.314
627	4.926
628	5.366
629	5.366
630	5.66
631	5.414
632	5.414
633	6.084
634	5.352
635	6.364
636	6.43
637	6.228
638	5.262
639	5.35
640	5.348
641	6.164
642	5.364
643	5.738
644	5.394
645	5.374
646	5.19
647	4.74
648	5.864
649	5.458
650	5.294
651	5.294
652	5.294
653	5.294
654	5.372
655	6.716
656	6.72
657	5.886
658	5.09
659	6.03
660	5.102
661	4.978
662	6.796
663	4.912
664	4.978
665	5.834
666	5.158
667	6.672
668	5.834
669	5.724
670	5.394
671	5.202
672	6.316
673	6.808
674	5.984
675	5.394
676	5.28
677	5.314
678	6.67
679	6.67
680	6.658
681	5.238
682	5.022
683	5.352
684	5.432
685	6.11
686	5.35
687	6.13
688	4.788
689	5.534
690	6.23
691	6.09
692	5.546
693	5.424
694	5.436
695	5.228
696	5.524
697	6.224
698	5.472
699	5.472
700	5.492
701	5.368
702	6.906
703	5.316
704	5.634
705	6.344
706	5.31
707	5.408
708	6.624
709	5.966
710	4.99
711	5.332
712	6.228
713	6.228
714	5.73
715	5.82
716	6.032
717	5.328
718	5.582
719	6.032
720	5.836
721	5.09
722	5.192
723	6.142
724	6.302
725	5.572
726	5.344
727	6.68
728	5.196
729	5.914
730	5.086
731	5.942
732	5.564
733	5.502
734	5.538
735	5.5
736	5.42
737	5.538
738	5.5
739	5.766
740	5.42
741	5.732
742	6.356
743	6.064
744	5.574
745	5.456
746	6.46
747	6.0
748	6.418
749	5.87
750	6.294
751	6.418
752	6.076
753	5.736
754	6.0
755	5.16
756	6.566
757	5.42
758	5.374
759	6.246
760	6.264
761	5.87
762	5.906
763	5.37
764	5.822
765	5.54
766	5.852
767	5.172
768	5.526
769	5.858
770	5.858
771	5.96
772	5.766
773	5.648
774	5.704
775	5.41
776	6.746
777	5.982
778	5.976
779	5.436
780	5.998
781	4.42
782	5.14
783	5.436
784	5.998
785	5.976
786	5.332
787	5.192
788	5.192
789	5.704
790	5.332
791	5.192
792	6.492
793	5.408
794	6.492
795	5.37
796	5.232
797	5.162
798	5.462
799	5.902
800	6.362
801	5.082
802	5.4
803	5.472
804	5.794
805	5.626
806	5.082
807	5.482
808	5.536
809	5.208
810	5.5
811	5.4
812	4.982
813	4.766
814	5.534
815	4.892
816	5.278
817	5.518
818	5.212
819	5.278
820	5.212
821	6.712
822	5.14
823	5.838
824	5.962
825	5.518
826	5.8
827	5.932
828	6.604
829	6.276
830	6.09
831	5.968
832	6.36
833	7.014
834	6.152
835	5.968
836	6.776
837	6.384
838	6.384
839	6.384
840	6.022
841	6.018
842	5.81
843	5.81
844	6.174
845	6.212
846	6.212
847	5.694
848	5.162
849	5.81
850	6.276
851	6.174
852	5.626
853	6.144
854	4.988
855	6.144
856	6.19
857	5.626
858	5.55
859	5.882
860	5.286
861	5.826
862	5.496
863	5.692
864	6.47
865	5.694
866	6.542
867	6.144
868	5.88
869	5.56
870	6.084
871	4.972
872	4.988
873	5.736
874	4.982
875	5.358
876	5.82
877	7.09
878	5.356
879	6.01
880	6.584
881	5.82
882	4.696
883	6.292
884	6.292
885	5.86
886	6.306
887	6.104
888	6.398
889	6.104
890	6.398
891	5.298
892	6.248
893	5.876
894	6.242
895	6.248
896	5.908
897	5.738
898	5.186
899	5.832
900	5.75
901	6.22
902	5.5
903	5.468
904	5.376
905	5.604
906	5.46
907	4.526
908	6.548
909	5.664
910	5.888
911	5.5
912	5.482
913	5.494
914	5.136
915	4.818
916	5.14
917	6.136
918	5.79
919	6.28
920	5.354
921	5.498
922	5.146
923	5.146
924	5.722
925	6.666
926	5.03
927	4.958
928	5.438
929	5.556
930	5.614
931	6.07
932	5.562
933	5.652
934	5.612
935	5.494
936	5.492
937	5.59
938	5.614
939	5.786
940	5.774
941	5.58
942	5.624
943	5.552
944	6.554
945	5.816
946	5.91
947	5.296
948	5.462
949	4.738
950	5.65
951	5.13
952	5.842
953	5.85
954	5.784
955	5.842
956	5.13
957	5.016
958	6.106
959	6.034
960	5.588
961	5.588
962	6.878
963	5.588
964	6.358
965	5.432
966	6.068
967	5.386
968	5.66
969	6.632
970	6.156
971	6.652
972	6.266
973	5.66
974	6.632
975	6.458
976	5.264
977	5.928
978	5.758
979	6.684
980	5.81
981	5.28
982	6.766
983	6.678
984	6.508
985	6.092
986	6.134
987	5.396
988	5.37
989	6.092
990	5.642
991	5.886
992	4.562
993	5.684
994	5.336
995	5.45
996	5.464
997	4.922
998	5.36
999	5.86
1000	5.798
1001	5.57
1002	5.31
1003	5.308
1004	5.682
1005	6.572
1006	6.292
1007	6.572
1008	5.282
1009	6.048
1010	5.724
1011	5.712
1012	6.114
1013	5.712
1014	5.584
1015	6.842
1016	5.454
1017	5.346
1018	5.712
1019	5.464
1020	5.836
1021	5.786
1022	5.786
1023	6.306
1024	5.97
1025	6.526
1026	6.052
1027	6.174
1028	4.848
1029	6.222
1030	5.276
1031	5.76
1032	5.494
1033	5.2
1034	5.2
1035	5.16
1036	5.958
1037	6.148
1038	4.77
1039	5.952
1040	6.11
1041	5.032
1042	5.264
1043	5.408
1044	5.408
1045	5.932
1046	5.946
1047	5.694
1048	4.866
1049	5.164
1050	7.214
1051	5.678
1052	5.7
1053	5.972
1054	5.586
1055	4.866
1056	5.628
1057	6.116
1058	5.018
1059	6.116
1060	5.256
1061	5.914
1062	5.614
1063	5.434
1064	5.416
1065	6.08
1066	5.598
1067	5.304
1068	6.054
1069	6.022
1070	6.35
1071	5.862
1072	5.598
1073	5.726
1074	5.884
1075	5.106
1076	7.038
1077	5.614
1078	5.89
1079	5.506
1080	5.52
1081	5.86
1082	5.384
1083	5.384
1084	5.772
1085	5.692
1086	4.994
1087	6.312
1088	6.184
1089	5.772
1090	6.03
1091	5.436
1092	6.002
1093	5.878
1094	5.964
1095	5.426
1096	6.284
1097	5.908
1098	5.692
1099	5.846
1100	6.81
1101	5.384
1102	6.466
1103	6.6
1104	4.91
1105	4.994
1106	6.422
1107	6.312
1108	6.92
1109	6.344
1110	5.308
1111	6.92
1112	5.942
1113	5.69
1114	5.972
1115	4.444
1116	5.96
1117	5.272
1118	5.392
1119	5.282
1120	5.172
1121	6.296
1122	5.39
1123	6.338
1124	4.972
1125	5.57
1126	5.134
1127	6.888
1128	6.582
1129	5.776
1130	6.274
1131	5.786
1132	5.794
1133	5.276
1134	5.664
1135	5.374
1136	5.532
1137	7.156
1138	6.166
1139	5.464
1140	6.048
1141	5.71
1142	5.696
1143	5.464
1144	5.832
1145	5.808
1146	5.47
1147	5.562
1148	4.802
1149	6.134
1150	5.454
1151	5.426
1152	5.47
1153	4.848
1154	6.05
1155	5.872
1156	5.638
1157	5.186
1158	5.186
1159	5.474
1160	5.186
1161	6.108
1162	5.186
1163	5.818
1164	5.474
1165	5.36
1166	5.86
1167	4.914
1168	5.778
1169	5.892
1170	6.108
1171	5.518
1172	5.05
1173	5.738
1174	6.352
1175	5.922
1176	5.386
1177	5.636
1178	5.8
1179	5.27
1180	5.788
1181	5.05
1182	5.572
1183	6.352
1184	5.926
1185	6.63
1186	5.326
1187	5.166
1188	6.53
1189	5.798
1190	4.554
1191	5.738
1192	6.032
1193	5.846
1194	5.538
1195	5.552
1196	5.824
1197	6.032
1198	5.538
1199	5.846
1200	5.456
1201	6.25
1202	6.182
1203	5.332
1204	5.432
1205	5.432
1206	4.636
1207	5.432
1208	5.332
1209	6.312
1210	6.336
1211	4.926
1212	5.282
1213	5.824
1214	5.432
1215	5.284
1216	5.702
1217	5.838
1218	5.024
1219	6.204
1220	5.838
1221	5.658
1222	7.068
1223	5.53
1224	5.702
1225	6.664
1226	6.416
1227	6.664
1228	6.156
1229	6.148
1230	6.124
1231	5.404
1232	6.786
1233	6.716
1234	6.426
1235	6.336
1236	5.558
1237	6.416
1238	6.244
1239	6.654
1240	5.69
1241	5.744
1242	6.008
1243	6.716
1244	6.654
1245	5.564
1246	5.318
1247	5.812
1248	6.038
1249	6.016
1250	5.266
1251	6.102
1252	5.634
1253	5.588
1254	6.77
1255	5.914
1256	5.612
1257	5.976
1258	5.582
1259	5.394
1260	5.376
1261	5.394
1262	6.016
1263	5.976
1264	5.422
1265	5.46
1266	6.346
1267	6.868
1268	5.582
1269	5.368
1270	5.218
1271	5.582
1272	5.418
1273	5.308
1274	5.418
1275	5.218
1276	5.426
1277	5.582
1278	5.368
1279	5.352
1280	5.674
1281	6.36
1282	6.568
1283	5.274
1284	6.808
1285	6.568
1286	6.36
1287	6.184
1288	6.234
1289	6.364
1290	6.376
1291	5.386
1292	6.1
1293	6.348
1294	5.376
1295	5.388
1296	6.1
1297	6.15
1298	6.752
1299	6.532
1300	5.86
1301	5.822
1302	6.126
1303	5.408
1304	5.952
1305	5.322
1306	5.744
1307	6.262
1308	5.156
1309	5.27
1310	4.962
1311	6.03
1312	6.112
1313	5.606
1314	4.96
1315	5.266
1316	5.946
1317	5.88
1318	5.96
1319	6.086
1320	5.24
1321	5.52
1322	6.532
1323	6.04
1324	6.092
1325	5.808
1326	6.336
1327	5.362
1328	5.564
1329	6.312
1330	5.244
1331	5.538
1332	6.09
1333	5.77
1334	6.692
1335	6.114
1336	5.58
1337	5.91
1338	5.868
1339	5.868
1340	5.532
1341	5.828
1342	5.068
1343	5.532
1344	5.462
1345	6.554
1346	6.932
1347	6.354
1348	6.014
1349	5.91
1350	4.884
1351	6.68
1352	6.824
1353	5.58
1354	5.868
1355	5.782
1356	5.834
1357	5.43
1358	5.276
1359	6.588
1360	6.426
1361	5.73
1362	5.836
1363	6.23
1364	5.032
1365	5.834
1366	5.926
1367	5.87
1368	5.144
1369	5.43
1370	5.17
1371	5.474
1372	5.996
1373	5.118
1374	5.118
1375	6.704
1376	6.432
1377	4.834
1378	4.986
1379	6.286
1380	4.88
1381	6.714
1382	6.88
1383	5.036
1384	5.508
1385	4.692
1386	5.692
1387	6.748
1388	6.464
1389	5.95
1390	5.712
1391	6.038
1392	6.37
1393	6.464
1394	5.51
1395	6.748
1396	6.288
1397	5.95
1398	5.888
1399	5.888
1400	6.196
1401	5.888
1402	5.102
1403	6.2
1404	6.376
1405	5.44
1406	5.074
1407	5.504
1408	6.326
1409	5.888
1410	5.866
1411	6.558
1412	6.196
1413	6.488
1414	5.51
1415	6.516
1416	5.14
1417	5.876
1418	5.49
1419	5.37
1420	5.93
1421	6.238
1422	6.23
1423	5.55
1424	5.686
1425	5.51
1426	5.428
1427	6.444
1428	5.852
1429	5.938
1430	5.672
1431	5.218
1432	5.672
1433	6.142
1434	6.35
1435	5.852
1436	5.51
1437	5.164
1438	5.938
1439	5.462
1440	5.408
1441	5.364
1442	5.368
1443	5.424
1444	6.77
1445	6.174
1446	6.436
1447	6.404
1448	5.852
1449	5.852
1450	6.288
1451	6.174
1452	5.094
1453	6.174
1454	6.796
1455	5.592
1456	5.352
1457	6.404
1458	6.436
1459	6.662
1460	5.95
1461	6.406
1462	5.95
1463	5.852
1464	5.232
1465	6.864
1466	5.798
1467	6.288
1468	6.468
1469	5.542
1470	5.094
1471	6.794
1472	6.016
1473	4.956
1474	6.184
1475	5.248
1476	5.604
1477	5.506
1478	4.7
1479	5.71
1480	6.176
1481	5.604
1482	6.08
1483	6.152
1484	5.248
1485	4.916
1486	5.454
1487	5.906
1488	5.396
1489	5.274
1490	6.016
1491	5.994
1492	5.106
1493	5.392
1494	6.52
1495	6.498
1496	6.458
1497	4.32
1498	6.226
1499	6.322
1500	6.424
1501	6.044
1502	5.868
1503	5.4
1504	6.92
1505	6.352
1506	5.452
1507	5.56
1508	5.414
1509	5.756
1510	5.85
1511	5.502
1512	5.838
1513	6.19
1514	5.894
1515	6.044
1516	6.46
1517	5.976
1518	5.742
1519	6.214
1520	5.868
1521	5.842
1522	5.4
1523	5.842
1524	5.608
1525	5.32
1526	5.29
1527	5.578
1528	5.79
1529	5.44
1530	5.32
1531	5.29
1532	5.942
1533	5.574
1534	6.03
1535	6.062
1536	5.65
1537	4.578
1538	5.406
1539	5.718
1540	6.03
1541	6.062
1542	5.306
1543	6.284
1544	6.554
1545	4.578
1546	6.184
1547	5.636
1548	5.572
1549	7.256
1550	5.65
1551	6.156
1552	5.804
1553	6.518
1554	6.464
1555	6.478
1556	6.52
1557	5.758
1558	6.156
1559	5.17
1560	4.936
1561	6.812
1562	4.908
1563	6.65
1564	6.812
1565	4.908
1566	5.83
1567	6.22
1568	5.67
1569	5.39
1570	5.526
1571	5.406
1572	5.39
1573	5.814
1574	5.546
1575	5.826
1576	5.964
1577	5.39
1578	4.818
1579	5.912
1580	5.244
1581	4.852
1582	5.638
1583	6.118
1584	5.912
1585	5.04
1586	5.244
1587	5.21
1588	5.04
1589	5.244
1590	6.248
1591	6.134
1592	5.968
1593	5.928
1594	5.758
1595	5.506
1596	5.308
1597	6.83
1598	5.308
1599	5.618
1600	5.922
1601	5.506
1602	5.372
1603	6.9
1604	5.604
1605	5.142
1606	6.858
1607	6.384
1608	5.914
1609	5.112
1610	5.754
1611	6.384
1612	5.376
1613	6.144
1614	6.384
1615	5.85
1616	6.174
1617	5.2
1618	5.738
1619	4.866
1620	6.602
1621	6.144
1622	4.95
1623	5.176
1624	5.752
1625	5.954
1626	6.02
1627	5.746
1628	4.95
1629	5.64
1630	5.866
1631	5.36
1632	5.64
1633	6.882
1634	5.906
1635	5.362
1636	5.862
1637	5.262
1638	6.102
1639	4.994
1640	5.948
1641	5.262
1642	5.784
1643	6.022
1644	5.446
1645	6.022
1646	5.686
1647	5.784
1648	6.066
1649	5.966
1650	5.432
1651	6.738
1652	5.222
1653	5.656
1654	5.47
1655	5.192
1656	5.394
1657	5.812
1658	6.444
1659	5.106
1660	5.148
1661	5.192
1662	5.608
1663	5.88
1664	5.47
1665	5.384
1666	6.318
1667	4.756
1668	6.024
1669	5.91
1670	5.232
1671	5.432
1672	6.342
1673	5.612
1674	5.578
1675	5.76
1676	5.378
1677	6.342
1678	6.13
1679	5.67
1680	5.614
1681	5.258
1682	6.648
1683	5.492
1684	5.492
1685	5.758
1686	5.492
1687	5.926
1688	5.758
1689	5.384
1690	6.424
1691	4.892
1692	5.492
1693	6.258
1694	5.578
1695	5.772
1696	6.302
1697	5.434
1698	6.436
1699	6.258
1700	6.214
1701	6.126
1702	5.6
1703	4.872
1704	5.346
1705	5.328
1706	6.286
1707	6.232
1708	5.3
1709	5.224
1710	5.758
1711	5.12
1712	6.266
1713	5.848
1714	5.462
1715	5.58
1716	6.532
1717	6.12
1718	5.448
1719	5.668
1720	5.73
1721	6.096
1722	6.092
1723	6.648
1724	6.532
1725	6.202
1726	5.546
1727	6.478
1728	5.526
1729	5.58
1730	6.226
1731	5.732
1732	5.45
1733	6.62
1734	5.772
1735	5.754
1736	6.756
1737	5.514
1738	5.754
1739	5.65
1740	4.702
1741	5.358
1742	6.868
1743	5.434
1744	5.596
1745	5.984
1746	5.148
1747	6.046
1748	5.596
1749	5.756
1750	5.752
1751	6.156
1752	6.16
1753	5.372
1754	6.288
1755	6.32
1756	5.434
1757	5.296
1758	5.298
1759	5.472
1760	5.228
1761	5.612
1762	5.646
1763	6.326
1764	5.764
1765	5.296
1766	5.298
1767	5.154
1768	5.198
1769	5.228
1770	6.946
1771	5.688
1772	6.04
1773	5.714
1774	5.688
1775	6.238
1776	6.694
1777	5.622
1778	6.04
1779	6.254
1780	6.254
1781	5.886
1782	5.19
1783	6.066
1784	4.904
1785	6.416
1786	6.066
1787	6.55
1788	6.966
1789	6.516
1790	6.37
1791	5.424
1792	5.464
1793	5.82
1794	5.358
1795	5.44
1796	5.37
1797	6.688
1798	6.47
1799	5.504
1800	5.97
1801	5.242
1802	5.158
1803	5.504
1804	5.97
1805	5.242
1806	5.29
1807	4.944
1808	6.622
1809	5.29
1810	6.622
1811	5.344
1812	4.944
1813	6.89
1814	6.116
1815	6.656
1816	5.838
1817	6.78
1818	4.932
1819	6.42
1820	6.702
1821	5.838
1822	5.862
1823	6.656
1824	5.538
1825	5.212
1826	5.316
1827	5.212
1828	5.538
1829	5.516
1830	5.918
1831	5.918
1832	7.078
1833	5.918
1834	7.078
1835	5.806
1836	5.11
1837	5.754
1838	6.688
1839	5.558
1840	5.754
1841	5.892
1842	6.688
1843	5.824
1844	6.456
1845	6.49
1846	5.144
1847	5.22
1848	5.144
1849	5.19
1850	5.898
1851	5.822
1852	6.49
1853	6.186
1854	5.226
1855	5.928
1856	5.704
1857	4.498
1858	4.984
1859	5.072
1860	5.704
1861	5.898
1862	6.006
1863	6.388
1864	5.466
1865	6.146
1866	5.328
1867	5.454
1868	6.496
1869	6.508
1870	6.008
1871	5.674
1872	5.984
1873	5.364
1874	5.364
1875	5.658
1876	5.372
1877	6.01
1878	5.796
1879	5.75
1880	5.942
1881	5.628
1882	5.942
1883	5.628
1884	5.628
1885	5.944
1886	5.942
1887	4.966
1888	5.608
1889	5.33
1890	5.9
1891	5.628
1892	5.462
1893	5.094
1894	5.094
1895	5.21
1896	5.706
1897	5.35
1898	5.35
1899	5.152
1900	7.084
1901	5.478
1902	5.95
1903	5.892
1904	5.606
1905	5.706
1906	5.35
1907	5.846
1908	6.908
1909	6.69
1910	5.94
1911	5.324
1912	5.752
1913	6.132
1914	5.362
1915	6.734
1916	6.69
1917	5.324
1918	5.752
1919	5.374
1920	5.836
1921	5.714
1922	5.94
1923	5.874
1924	4.94
1925	5.262
1926	6.024
1927	5.756
1928	5.852
1929	5.74
1930	5.534
1931	5.768
1932	5.18
1933	4.802
1934	5.138
1935	5.958
1936	5.534
1937	5.768
1938	5.888
1939	5.852
1940	5.166
1941	4.948
1942	5.166
1943	4.948
1944	5.442
1945	5.116
1946	5.8
1947	5.632
1948	5.114
1949	6.208
1950	5.24
1951	5.666
1952	4.554
1953	6.65
1954	6.274
1955	5.666
1956	5.226
1957	5.486
1958	5.898
1959	5.738
1960	5.01
1961	5.094
1962	5.402
1963	5.748
1964	5.68
1965	5.142
1966	5.418
1967	5.672
1968	5.844
1969	6.302
1970	6.53
1971	5.422
1972	6.53
1973	5.672
1974	5.446
1975	5.446
1976	5.544
1977	5.45
1978	5.728
1979	5.238
1980	5.164
1981	6.112
1982	6.112
1983	6.112
1984	6.112
1985	6.112
1986	6.35
1987	5.844
1988	6.02
1989	5.808
1990	6.64
1991	4.662
1992	6.112
1993	6.012
1994	5.65
1995	5.81
1996	6.106
1997	5.81
1998	6.106
1999	6.106
2000	6.558
2001	5.062
2002	5.078
2003	6.654
2004	5.65
2005	6.04
2006	5.81
2007	6.106
2008	6.062
2009	5.668
2010	6.562
2011	6.01
2012	5.668
2013	6.222
2014	5.532
2015	5.804
2016	6.13
2017	6.786
2018	5.804
2019	6.042
2020	5.532
2021	6.062
2022	5.686
2023	5.308
2024	5.686
2025	5.27
2026	5.496
2027	4.836
2028	5.102
2029	5.766
2030	5.308
2031	6.0
2032	5.724
2033	6.144
2034	5.664
2035	5.584
2036	5.784
2037	5.862
2038	5.724
2039	5.7
2040	5.502
2041	5.79
2042	5.7
2043	5.672
2044	6.148
2045	5.61
2046	5.502
2047	5.524
2048	5.186
2049	5.12
2050	5.896
2051	5.636
2052	5.612
2053	5.612
2054	6.084
2055	6.084
2056	5.534
2057	5.612
2058	6.568
2059	5.546
2060	5.37
2061	5.644
2062	6.274
2063	6.404
2064	6.276
2065	5.85
2066	5.482
2067	5.682
2068	5.672
2069	6.758
2070	6.454
2071	5.292
2072	6.048
2073	5.786
2074	5.686
2075	5.85
2076	6.276
2077	5.42
2078	6.112
2079	6.176
2080	5.34
2081	5.42
2082	5.116
2083	5.558
2084	5.208
2085	5.968
2086	5.968
2087	5.758
2088	5.876
2089	5.764
2090	5.968
2091	5.274
2092	5.386
2093	5.076
2094	5.666
2095	5.666
2096	5.76
2097	4.464
2098	5.62
2099	6.16
2100	5.888
2101	5.62
2102	6.14
2103	5.596
2104	5.196
2105	5.888
2106	4.464
2107	5.64
2108	6.078
2109	6.16
2110	5.858
2111	5.504
2112	5.504
2113	5.504
2114	5.51
2115	5.858
2116	5.504
2117	6.27
2118	5.568
2119	6.342
2120	6.066
2121	5.562
2122	6.862
2123	5.556
2124	5.562
2125	6.862
2126	5.536
2127	5.528
2128	5.304
2129	5.186
2130	6.084
2131	6.11
2132	5.79
2133	5.79
2134	6.358
2135	5.96
2136	5.984
2137	6.32
2138	5.984
2139	5.654
2140	4.856
2141	5.426
2142	5.426
2143	5.588
2144	6.68
2145	5.992
2146	5.872
2147	5.964
2148	5.564
2149	4.856
2150	6.428
2151	6.652
2152	5.426
2153	5.87
2154	5.61
2155	4.814
2156	5.464
2157	5.402
2158	6.262
2159	5.99
2160	5.606
2161	6.45
2162	6.442
2163	4.838
2164	6.262
2165	6.198
2166	5.13
2167	5.13
2168	6.092
2169	6.092
2170	6.092
2171	6.092
2172	6.092
2173	4.576
2174	5.242
2175	6.092
2176	6.094
2177	4.576
2178	5.27
2179	5.242
2180	6.018
2181	5.446
2182	5.772
2183	5.53
2184	5.596
2185	5.61
2186	5.976
2187	4.932
2188	4.884
2189	5.918
2190	5.92
2191	6.896
2192	5.698
2193	5.324
2194	5.92
2195	5.918
2196	4.884
2197	6.15
2198	6.368
2199	5.346
2200	5.578
2201	5.374
2202	5.684
2203	5.346
2204	5.64
2205	5.25
2206	5.394
2207	5.796
2208	6.2
2209	6.154
2210	6.142
2211	5.784
2212	6.22
2213	6.142
2214	5.944
2215	6.154
2216	5.52
2217	5.546
2218	5.73
2219	6.054
2220	6.714
2221	5.916
2222	5.52
2223	6.146
2224	5.664
2225	6.146
2226	5.852
2227	5.576
2228	5.512
2229	5.916
2230	6.28
2231	5.916
2232	6.28
2233	5.422
2234	5.272
2235	5.29
2236	5.09
2237	5.394
2238	5.24
2239	5.968
2240	5.09
2241	5.364
2242	5.394
2243	5.558
2244	6.26
2245	5.194
2246	5.484
2247	5.24
2248	5.968
2249	5.924
2250	5.198
2251	5.366
2252	6.384
2253	5.378
2254	5.198
2255	5.708
2256	5.856
2257	6.01
2258	5.268
2259	5.15
2260	5.268
2261	5.15
2262	5.426
2263	5.624
2264	5.304
2265	6.052
2266	5.304
2267	5.378
2268	6.052
2269	5.762
2270	6.21
2271	6.176
2272	5.69
2273	6.206
2274	5.066
2275	6.176
2276	5.574
2277	5.11
2278	6.268
2279	5.11
2280	5.164
2281	6.066
2282	6.02
2283	5.496
2284	5.496
2285	5.496
2286	5.496
2287	5.282
2288	5.244
2289	5.496
2290	6.99
2291	5.886
2292	6.026
2293	5.364
2294	6.99
2295	7.01
2296	5.36
2297	5.778
2298	5.614
2299	6.774
2300	7.01
2301	6.798
2302	5.782
2303	5.234
2304	5.082
2305	4.99
2306	6.616
2307	5.53
2308	5.71
2309	5.404
2310	5.294
2311	5.71
2312	6.73
2313	5.404
2314	6.142
2315	6.702
2316	6.442
2317	6.45
2318	5.282
2319	5.562
2320	7.024
2321	6.422
2322	5.172
2323	5.43
2324	6.562
2325	5.258
2326	4.37
2327	5.472
2328	4.37
2329	5.472
2330	5.234
2331	5.58
2332	5.548
2333	5.744
2334	7.416
2335	5.334
2336	6.184
2337	5.242
2338	5.304
2339	5.622
2340	5.758
2341	5.806
2342	5.622
2343	6.936
2344	6.028
2345	5.758
2346	5.864
2347	5.432
2348	6.052
2349	5.59
2350	5.238
2351	5.75
2352	5.726
2353	5.102
2354	6.17
2355	5.984
2356	6.332
2357	5.552
2358	6.246
2359	5.552
2360	5.126
2361	5.872
2362	5.372
2363	6.324
2364	5.492
2365	5.212
2366	5.252
2367	5.218
2368	5.448
2369	5.498
2370	6.402
2371	6.212
2372	5.252
2373	4.612
2374	4.784
2375	6.518
2376	6.92
2377	6.518
2378	5.808
2379	5.602
2380	5.326
2381	5.298
2382	6.362
2383	6.026
2384	6.456
2385	6.026
2386	5.754
2387	5.196
2388	5.188
2389	4.936
2390	6.828
2391	6.684
2392	5.922
2393	5.762
2394	5.74
2395	5.186
2396	5.36
2397	5.442
2398	6.35
2399	6.22
2400	6.098
2401	5.652
2402	5.936
2403	5.67
2404	5.954
2405	5.488
2406	5.568
2407	6.91
2408	6.46
2409	5.23
2410	6.164
2411	5.996
2412	5.548
2413	5.484
2414	6.164
2415	5.46
2416	5.608
2417	5.988
2418	5.184
2419	5.314
2420	5.416
2421	6.746
2422	5.738
2423	5.412
2424	6.052
2425	5.412
2426	6.052
2427	6.124
2428	5.574
2429	6.124
2430	5.574
2431	5.234
2432	5.334
2433	5.23
2434	5.11
2435	5.632
2436	5.322
2437	5.212
2438	5.758
2439	5.212
2440	5.884
2441	5.202
2442	6.138
2443	5.558
2444	5.42
2445	5.558
2446	5.402
2447	5.362
2448	5.974
2449	6.274
2450	6.062
2451	5.292
2452	5.292
2453	6.61
2454	6.294
2455	5.784
2456	5.6
2457	5.792
2458	5.792
2459	5.6
2460	5.232
2461	5.232
2462	4.906
2463	4.938
2464	5.92
2465	5.408
2466	5.212
2467	5.156
2468	5.782
2469	5.832
2470	5.096
2471	5.56
2472	6.84
2473	5.81
2474	5.276
2475	6.336
2476	4.716
2477	5.46
2478	6.336
2479	5.258
2480	5.584
2481	5.424
2482	5.372
2483	5.322
2484	5.258
2485	5.178
2486	5.582
2487	5.522
2488	6.132
2489	6.132
2490	5.054
2491	5.306
2492	5.19
2493	5.054
2494	5.252
2495	5.252
2496	5.826
2497	5.894
2498	5.572
2499	5.572
2500	6.444
2501	5.572
2502	5.508
2503	5.06
2504	5.06
2505	5.288
2506	5.236
2507	5.426
2508	6.932
2509	5.444
2510	5.346
2511	5.434
2512	5.236
2513	5.712
2514	5.34
2515	6.934
2516	6.044
2517	5.632
2518	5.324
2519	6.044
2520	5.588
2521	5.222
2522	6.844
2523	5.98
2524	6.14
2525	5.222
2526	5.98
2527	6.844
2528	6.322
2529	5.982
2530	5.248
2531	5.862
2532	4.854
2533	4.854
2534	5.86
2535	6.214
2536	5.776
2537	5.548
2538	5.666
2539	5.666
2540	5.896
2541	5.824
2542	5.776
2543	5.872
2544	5.548
2545	5.852
2546	5.85
2547	5.396
2548	5.106
2549	5.464
2550	5.978
2551	5.106
2552	5.464
2553	4.72
2554	6.302
2555	6.41
2556	6.302
2557	5.71
2558	6.41
2559	6.302
2560	5.388
2561	5.5
2562	5.344
2563	5.5
2564	5.388
2565	5.432
2566	5.418
2567	6.206
2568	6.65
2569	5.384
2570	5.914
2571	6.65
2572	6.546
2573	5.478
2574	5.424
2575	5.894
2576	5.77
2577	5.556
2578	5.684
2579	7.096
2580	5.71
2581	5.426
2582	6.264
2583	6.264
2584	6.264
2585	6.264
2586	6.264
2587	6.264
2588	5.584
2589	6.264
2590	4.456
2591	5.952
2592	6.476
2593	5.708
2594	5.866
2595	6.61
2596	4.826
2597	5.404
2598	6.44
2599	5.404
2600	5.624
2601	6.37
2602	5.984
2603	6.44
2604	6.82
2605	6.82
2606	4.778
2607	6.158
2608	5.97
2609	6.048
2610	4.778
2611	5.168
2612	5.436
2613	6.82
2614	5.318
2615	6.476
2616	6.186
2617	6.186
2618	6.186
2619	6.05
2620	5.236
2621	5.528
2622	5.318
2623	6.05
2624	6.186
2625	6.476
2626	5.418
2627	6.348
2628	6.442
2629	5.886
2630	5.32
2631	5.688
2632	6.5
2633	4.87
2634	5.582
2635	5.444
2636	6.532
2637	5.582
2638	5.444
2639	6.528
2640	6.19
2641	6.12
2642	5.872
2643	5.216
2644	5.376
2645	5.844
2646	6.128
2647	5.294
2648	5.932
2649	5.988
2650	5.844
2651	5.178
2652	5.036
2653	6.838
2654	5.368
2655	5.102
2656	5.974
2657	5.828
2658	6.364
2659	5.908
2660	6.612
2661	5.21
2662	5.84
2663	6.352
2664	6.032
2665	6.7
2666	5.418
2667	7.07
2668	6.328
2669	5.892
2670	5.37
2671	7.07
2672	6.998
2673	6.044
2674	4.746
2675	5.57
2676	5.534
2677	6.41
2678	6.418
2679	5.204
2680	5.748
2681	6.872
2682	5.912
2683	6.304
2684	5.204
2685	6.636
2686	6.404
2687	6.872
2688	5.424
2689	5.912
2690	5.748
2691	5.344
2692	5.886
2693	5.588
2694	6.248
2695	5.886
2696	6.568
2697	5.858
2698	5.916
2699	5.588
2700	5.344
2701	6.004
2702	5.848
2703	5.848
2704	5.848
2705	5.44
2706	5.366
2707	5.488
2708	5.848
2709	5.692
2710	6.332
2711	6.332
2712	5.548
2713	5.482
2714	5.692
2715	5.622
2716	5.874
2717	6.332
2718	6.024
2719	5.78
2720	5.924
2721	6.468
2722	5.434
2723	7.2
2724	6.496
2725	5.924
2726	5.704
2727	6.004
2728	5.98
2729	5.45
2730	6.276
2731	5.19
2732	5.14
2733	5.096
2734	6.276
2735	5.66
2736	5.45
2737	5.98
2738	6.026
2739	4.872
2740	6.778
2741	5.584
2742	4.872
2743	5.81
2744	5.136
2745	5.136
2746	6.45
2747	5.768
2748	5.638
2749	6.654
2750	5.638
2751	6.654
2752	6.368
2753	6.478
2754	6.268
2755	5.136
2756	5.034
2757	5.298
2758	5.756
2759	5.756
2760	5.864
2761	5.834
2762	5.406
2763	5.244
2764	4.95
2765	5.698
2766	6.136
2767	6.45
2768	5.698
2769	4.95
2770	5.244
2771	5.548
2772	5.896
2773	6.888
2774	6.924
2775	6.174
2776	6.174
2777	6.218
2778	6.224
2779	6.924
2780	6.442
2781	4.874
2782	5.004
2783	5.948
2784	5.958
2785	5.958
2786	5.35
2787	5.934
2788	5.35
2789	5.216
2790	5.212
2791	5.948
2792	5.4
2793	5.32
2794	6.884
2795	5.192
2796	6.202
2797	6.884
2798	5.192
2799	6.126
2800	6.614
2801	5.4
2802	5.32
2803	6.156
2804	6.316
2805	6.202
2806	6.384
2807	5.896
2808	5.756
2809	5.436
2810	6.554
2811	6.644
2812	5.822
2813	5.994
2814	6.554
2815	6.286
2816	5.472
2817	5.79
2818	6.286
2819	5.954
2820	6.116
2821	5.378
2822	5.598
2823	5.962
2824	5.846
2825	5.512
2826	5.824
2827	5.498
2828	6.522
2829	6.522
2830	6.214
2831	5.88
2832	5.124
2833	6.196
2834	5.892
2835	6.224
2836	5.824
2837	5.498
2838	5.706
2839	6.242
2840	6.03
2841	6.102
2842	5.638
2843	6.1
2844	5.844
2845	5.942
2846	6.262
2847	6.242
2848	6.326
2849	5.234
2850	5.15
2851	5.828
2852	5.554
2853	5.816
2854	6.268
2855	6.1
2856	6.432
2857	6.48
2858	7.166
2859	6.432
2860	5.986
2861	6.126
2862	6.1
2863	6.5
2864	6.358
2865	6.268
2866	5.936
2867	6.48
2868	6.684
2869	5.796
2870	6.5
2871	6.684
2872	6.374
2873	6.896
2874	6.346
2875	6.908
2876	6.374
2877	5.8
2878	5.866
2879	6.93
2880	6.03
2881	5.9
2882	6.434
2883	5.74
2884	6.12
2885	7.066
2886	6.946
2887	5.53
2888	6.438
2889	5.348
2890	6.476
2891	7.054
2892	5.808
2893	5.466
2894	6.896
2895	6.55
2896	5.176
2897	5.414
2898	5.466
2899	5.736
2900	5.576
2901	6.344
2902	6.782
2903	5.462
2904	6.248
2905	6.388
2906	5.32
2907	5.438
2908	6.248
2909	5.954
2910	6.138
2911	5.436
2912	5.462
2913	6.782
2914	5.878
2915	6.154
2916	6.154
2917	6.898
2918	6.638
2919	5.792
2920	6.262
2921	5.538
2922	4.992
2923	6.872
2924	6.354
2925	5.958
2926	5.866
2927	6.354
2928	6.634
2929	6.634
2930	5.958
2931	6.106
2932	6.354
2933	5.906
2934	6.354
2935	5.636
2936	4.538
2937	5.586
2938	5.866
2939	7.296
2940	7.296
2941	5.836
2942	5.456
2943	5.352
2944	7.722
2945	5.836
2946	6.858
2947	6.634
2948	6.634
2949	5.312
2950	5.428
2951	4.956
2952	5.576
2953	5.15
2954	4.956
2955	6.824
2956	5.92
2957	6.196
2958	6.432
2959	5.576
2960	6.802
2961	6.384
2962	6.144
2963	5.088
2964	6.936
2965	6.338
2966	7.074
2967	5.606
2968	5.606
2969	6.072
2970	6.106
2971	6.072
2972	5.114
2973	5.85
2974	5.606
2975	5.99
2976	6.292
2977	6.802
2978	5.722
2979	5.722
2980	6.668
2981	6.648
2982	5.898
2983	6.034
2984	6.52
2985	5.52
2986	6.2
2987	6.2
2988	6.13
2989	6.008
2990	6.072
2991	7.412
2992	6.366
2993	6.272
2994	6.13
2995	6.13
2996	6.432
2997	6.41
2998	5.94
2999	6.568
3000	6.13
3001	6.2
3002	6.272
3003	6.366
3004	6.008
3005	6.22
3006	6.544
3007	6.072
3008	7.412
3009	7.186
3010	6.38
3011	5.496
3012	6.44
3013	6.514
3014	6.342
3015	5.11
3016	6.084
3017	6.342
3018	6.73
3019	6.55
3020	6.084
3021	5.028
3022	5.43
3023	5.036
3024	5.11
3025	6.342
3026	6.312
3027	5.66
3028	5.642
3029	5.782
3030	6.56
3031	6.56
3032	5.918
3033	6.314
3034	5.492
3035	5.506
3036	6.35
3037	5.646
3038	5.604
3039	6.438
3040	5.208
3041	5.75
3042	5.578
3043	5.604
3044	5.72
3045	5.394
3046	5.976
3047	6.79
3048	5.988
3049	6.064
3050	5.138
3051	4.668
3052	5.138
3053	5.768
3054	5.854
3055	6.058
3056	6.246
3057	5.792
3058	6.824
3059	5.414
3060	5.622
3061	6.202
3062	6.202
3063	6.728
3064	6.202
3065	5.658
3066	6.208
3067	5.658
3068	5.51
3069	6.362
3070	5.578
3071	6.728
3072	6.258
3073	7.282
3074	6.774
3075	6.156
3076	6.382
3077	5.506
3078	5.414
3079	6.738
3080	5.754
3081	5.622
3082	6.202
3083	5.108
3084	6.764
3085	6.302
3086	5.888
3087	6.764
3088	5.882
3089	6.398
3090	6.662
3091	6.302
3092	5.404
3093	5.99
3094	6.434
3095	4.914
3096	4.914
3097	6.47
3098	5.978
3099	6.502
3100	6.464
3101	6.252
3102	6.038
3103	5.478
3104	6.434
3105	5.99
3106	5.872
3107	5.99
3108	6.034
3109	5.528
3110	5.708
3111	6.14
3112	6.352
3113	5.878
3114	5.452
3115	6.278
3116	6.278
3117	6.724
3118	6.352
3119	6.856
3120	4.96
3121	5.35
3122	5.878
3123	6.732
3124	5.636
3125	5.452
3126	5.866
3127	6.28
3128	5.378
3129	6.378
3130	6.246
3131	6.458
3132	5.4
3133	6.278
3134	6.866
3135	6.464
3136	5.316
3137	6.244
3138	6.224
3139	5.994
3140	5.716
3141	5.316
3142	5.966
3143	6.12
3144	6.246
3145	5.366
3146	5.366
3147	5.366
3148	5.738
3149	5.366
3150	5.738
3151	6.482
3152	5.366
3153	6.476
3154	6.554
3155	6.932
3156	6.568
3157	6.022
3158	6.568
3159	7.014
3160	6.238
3161	5.492
3162	6.022
3163	6.568
3164	7.014
3165	6.064
3166	5.99
3167	6.92
3168	6.63
3169	6.536
3170	6.048
3171	6.154
3172	6.31
3173	6.484
3174	6.756
3175	6.936
3176	5.798
3177	6.31
3178	5.748
3179	5.732
3180	5.954
3181	6.308
3182	6.304
3183	5.81
3184	6.308
3185	6.434
3186	6.334
3187	5.006
3188	6.684
3189	6.308
3190	5.928
3191	6.476
3192	6.328
3193	6.304
3194	5.81
3195	5.334
3196	6.022
3197	6.316
3198	7.028
3199	6.316
3200	6.592
3201	6.954
3202	7.028
3203	6.726
3204	6.316
3205	5.58
3206	6.514
3207	6.832
3208	6.054
3209	6.168
3210	5.54
3211	5.238
3212	6.502
3213	6.304
3214	6.146
3215	6.172
3216	6.14
3217	6.526
3218	5.238
3219	4.84
3220	6.864
3221	5.702
3222	6.09
3223	6.382
3224	6.502
3225	6.246
3226	6.746
3227	6.024
3228	5.188
3229	5.216
3230	6.072
3231	5.522
3232	6.19
3233	5.694
3234	6.348
3235	5.63
3236	6.246
3237	6.71
3238	6.138
3239	5.54
3240	6.558
3241	6.204
3242	6.232
3243	6.81
3244	6.558
3245	6.754
3246	5.54
3247	6.258
3248	6.174
3249	6.13
3250	6.138
3251	6.584
3252	5.896
3253	6.882
3254	6.628
3255	6.064
3256	6.116
3257	6.116
3258	6.116
3259	6.116
3260	6.116
3261	6.116
3262	6.584
3263	5.92
3264	7.03
3265	5.528
3266	5.592
3267	6.484
3268	5.748
3269	6.712
3270	5.434
3271	6.076
3272	6.974
3273	6.398
3274	6.368
3275	6.602
3276	5.27
3277	6.292
3278	6.184
3279	5.434
3280	6.028
3281	6.076
3282	6.42
3283	6.412
3284	5.694
3285	6.74
3286	6.246
3287	6.242
3288	6.246
3289	5.694
3290	5.35
3291	5.054
3292	6.672
3293	5.406
3294	6.114
3295	5.948
3296	5.406
3297	5.35
3298	5.262
3299	6.624
3300	6.746
3301	5.054
3302	6.672
3303	6.478
3304	6.912
3305	6.758
3306	6.574
3307	6.758
3308	6.646
3309	5.372
3310	6.74
3311	6.488
3312	6.238
3313	6.766
3314	6.07
3315	5.176
3316	6.382
3317	6.198
3318	6.036
3319	6.47
3320	6.144
3321	5.552
3322	6.438
3323	6.334
3324	6.11
3325	6.1
3326	6.788
3327	5.91
3328	5.796
3329	6.41
3330	6.156
3331	5.938
3332	6.08
3333	6.214
3334	5.788
3335	5.982
3336	5.202
3337	5.202
3338	5.202
3339	5.21
3340	5.772
3341	6.298
3342	5.772
3343	6.096
3344	5.176
3345	5.202
3346	6.074
3347	6.072
3348	5.848
3349	5.21
3350	6.012
3351	6.538
3352	6.676
3353	6.67
3354	6.678
3355	6.526
3356	6.702
3357	5.926
3358	6.146
3359	6.67
3360	6.678
3361	6.132
3362	6.012
3363	6.538
3364	6.676
3365	5.84
3366	6.538
3367	6.042
3368	6.574
3369	5.83
3370	6.594
3371	6.574
3372	6.042
3373	6.052
3374	6.604
3375	5.728
3376	6.046
3377	5.83
3378	5.902
3379	6.894
3380	5.21
3381	6.78
3382	6.18
3383	6.78
3384	6.126
3385	6.064
3386	6.434
3387	6.894
3388	5.21
3389	6.108
3390	6.134
3391	6.782
3392	6.89
3393	6.812
3394	6.852
3395	5.326
3396	5.12
3397	5.718
3398	5.958
3399	5.404
3400	6.126
3401	4.994
3402	6.244
3403	4.994
3404	6.088
3405	5.15
3406	5.948
3407	6.126
3408	5.404
3409	5.494
3410	6.158
3411	6.086
3412	5.966
3413	5.936
3414	5.77
3415	6.086
3416	6.918
3417	5.682
3418	6.39
3419	5.682
3420	6.918
3421	5.248
3422	6.414
3423	6.694
3424	6.16
3425	6.504
3426	6.092
3427	6.092
3428	6.38
3429	6.504
3430	6.16
3431	5.936
3432	5.802
3433	6.186
3434	6.604
3435	5.804
3436	6.278
3437	5.976
3438	5.17
3439	5.312
3440	5.17
3441	5.962
3442	6.13
3443	6.244
3444	5.914
3445	5.312
3446	6.946
3447	5.34
3448	5.99
3449	6.896
3450	6.946
3451	6.128
3452	6.128
3453	5.556
3454	6.06
3455	6.7
3456	6.214
3457	5.34
3458	6.598
3459	6.902
3460	5.53
3461	6.11
3462	5.962
3463	6.678
3464	6.6
3465	5.598
3466	6.772
3467	6.678
3468	5.434
3469	6.476
3470	5.53
3471	5.962
3472	6.11
3473	5.826
3474	7.152
3475	5.55
3476	5.3
3477	6.626
3478	6.356
3479	5.3
3480	6.892
3481	7.152
3482	5.764
3483	6.774
3484	6.474
3485	6.626
3486	5.76
3487	5.904
3488	5.55
3489	6.022
3490	5.252
3491	6.356
3492	5.844
3493	6.676
3494	6.676
3495	6.83
3496	6.186
3497	6.182
3498	6.504
3499	5.86
3500	6.734
3501	6.676
3502	6.83
3503	5.318
3504	6.626
3505	6.858
3506	6.636
3507	6.086
3508	6.716
3509	5.318
3510	5.592
3511	5.922
3512	6.064
3513	6.504
3514	5.89
3515	6.546
3516	6.56
3517	7.102
3518	6.552
3519	5.982
3520	6.792
3521	5.236
3522	5.984
3523	5.316
3524	5.236
3525	6.664
3526	6.664
3527	5.764
3528	5.54
3529	5.178
3530	6.818
3531	5.358
3532	5.32
3533	6.134
3534	5.48
3535	5.358
3536	5.32
3537	6.31
3538	5.684
3539	6.982
3540	6.314
3541	6.72
3542	6.296
3543	5.706
3544	6.298
3545	6.298
3546	6.668
3547	5.706
3548	6.668
3549	6.788
3550	6.298
3551	6.384
3552	5.916
3553	5.916
3554	5.916
3555	5.71
3556	5.956
3557	6.074
3558	5.71
3559	5.916
3560	5.306
3561	5.938
3562	5.01
3563	6.766
3564	5.01
3565	5.938
3566	6.128
3567	5.73
3568	6.176
3569	6.07
3570	6.128
3571	6.176
3572	4.636
3573	5.73
3574	6.012
3575	5.474
3576	6.182
3577	5.54
3578	6.192
3579	4.674
3580	6.064
3581	5.934
3582	6.254
3583	6.298
3584	6.024
3585	6.064
3586	6.076
3587	6.242
3588	5.712
3589	5.712
3590	5.712
3591	6.0
3592	5.606
3593	6.198
3594	6.216
3595	6.248
3596	6.35
3597	6.406
3598	5.948
3599	7.152
3600	5.396
3601	6.448
3602	6.092
3603	6.118
3604	7.08
3605	6.462
3606	5.086
3607	5.282
3608	6.08
3609	5.992
3610	5.992
3611	5.086
3612	6.08
3613	6.156
3614	5.992
3615	5.282
3616	5.82
3617	5.206
3618	5.786
3619	5.73
3620	5.66
3621	6.158
3622	5.73
3623	5.82
3624	5.66
3625	6.554
3626	5.206
3627	5.786
3628	5.052
3629	5.052
3630	5.06
3631	5.632
3632	5.632
3633	5.826
3634	5.632
3635	6.192
3636	6.904
3637	6.168
3638	6.286
3639	6.906
3640	6.44
3641	6.538
3642	5.946
3643	5.946
3644	6.538
3645	5.968
3646	6.474
3647	5.182
3648	6.706
3649	5.84
3650	6.63
3651	5.59
3652	4.868
3653	5.756
3654	4.868
3655	6.014
3656	6.832
3657	6.612
3658	5.956
3659	6.212
3660	6.7
3661	6.832
3662	5.948
3663	4.87
3664	6.922
3665	6.82
3666	6.7
3667	6.016
3668	6.832
3669	5.346
3670	6.938
3671	5.39
3672	6.932
3673	6.524
3674	6.714
3675	5.148
3676	5.726
3677	6.76
3678	6.652
3679	5.426
3680	5.942
3681	6.282
3682	6.676
3683	6.486
3684	6.282
3685	7.01
3686	6.282
3687	5.174
3688	6.172
3689	6.6
3690	6.676
3691	6.538
3692	6.208
3693	5.942
3694	7.01
3695	5.426
3696	6.828
3697	6.486
3698	6.284
3699	6.136
3700	5.174
3701	5.422
3702	5.512
3703	5.982
3704	5.982
3705	5.982
3706	5.982
3707	6.148
3708	6.438
3709	5.01
3710	5.238
3711	5.126
3712	5.982
3713	5.604
3714	5.224
3715	5.678
3716	5.486
3717	5.978
3718	5.646
3719	5.512
3720	5.474
3721	6.906
3722	5.262
3723	5.252
3724	6.382
3725	6.31
3726	6.386
3727	6.456
3728	6.382
3729	6.62
3730	5.352
3731	5.432
3732	6.486
3733	5.352
3734	6.526
3735	5.976
3736	6.27
3737	6.424
3738	5.892
3739	5.588
3740	6.196
3741	6.196
3742	6.196
3743	6.196
3744	6.196
3745	6.196
3746	6.196
3747	6.522
3748	5.866
3749	5.298
3750	6.42
3751	6.196
3752	5.694
3753	5.864
3754	5.756
3755	6.902
3756	6.248
3757	5.694
3758	5.864
3759	5.756
3760	6.248
3761	6.212
3762	6.444
3763	5.686
3764	6.134
3765	6.902
3766	5.242
3767	5.242
3768	5.242
3769	5.778
3770	5.242
3771	6.268
3772	5.822
3773	5.778
3774	7.336
3775	5.584
3776	6.916
3777	6.952
3778	6.916
3779	6.55
3780	7.088
3781	5.584
3782	5.908
3783	6.266
3784	5.49
3785	5.602
3786	6.338
3787	5.338
3788	5.558
3789	5.588
3790	5.466
3791	5.49
3792	5.352
3793	6.074
3794	5.47
3795	5.76
3796	5.602
3797	6.43
3798	4.758
3799	5.916
3800	5.992
3801	5.88
3802	5.758
3803	5.916
3804	5.848
3805	5.88
3806	5.758
3807	4.758
3808	5.778
3809	5.732
3810	5.848
3811	5.642
3812	6.174
3813	5.916
3814	5.992
3815	5.486
3816	6.724
3817	5.492
3818	6.044
3819	6.438
3820	6.438
3821	5.742
3822	5.96
3823	6.55
3824	5.47
3825	6.174
3826	6.544
3827	6.438
3828	5.91
3829	6.044
3830	6.84
3831	6.34
3832	5.226
3833	5.226
3834	6.524
3835	5.214
3836	5.136
3837	6.352
3838	6.352
3839	5.214
3840	5.136
3841	6.244
3842	5.988
3843	6.23
3844	6.888
3845	6.244
3846	5.206
3847	6.592
3848	5.206
3849	5.606
3850	5.304
3851	6.592
3852	6.936
3853	6.3
3854	7.108
3855	6.838
3856	6.168
3857	6.3
3858	6.236
3859	6.666
3860	5.514
3861	5.514
3862	5.328
3863	5.352
3864	5.352
3865	6.446
3866	6.964
3867	6.056
3868	5.514
3869	5.22
3870	5.328
3871	5.794
3872	5.352
3873	5.102
3874	4.996
3875	5.402
3876	5.908
3877	5.522
3878	6.118
3879	5.124
3880	5.086
3881	5.286
3882	5.286
3883	5.968
3884	6.862
3885	5.286
3886	6.28
3887	6.862
3888	6.28
3889	5.286
3890	5.866
3891	6.19
3892	5.968
3893	5.774
3894	5.146
3895	6.458
3896	6.322
3897	5.89
3898	5.912
3899	6.074
3900	5.774
3901	5.146
3902	4.822
3903	6.172
3904	5.75
3905	6.656
3906	7.24
3907	7.24
3908	6.89
3909	5.978
3910	5.978
3911	6.974
3912	5.872
3913	7.24
3914	6.156
3915	5.978
3916	6.656
3917	6.974
3918	5.392
3919	6.27
3920	6.29
3921	5.926
3922	5.434
3923	6.888
3924	5.016
3925	5.016
3926	5.766
3927	6.2
3928	6.432
3929	5.036
3930	5.036
3931	6.212
3932	6.478
3933	6.29
3934	5.682
3935	5.516
3936	5.24
3937	5.756
3938	5.488
3939	5.862
3940	6.264
3941	5.2
3942	5.506
3943	5.878
3944	5.718
3945	6.27
3946	6.264
3947	6.574
3948	6.552
3949	5.838
3950	5.2
3951	5.506
3952	5.22
3953	6.17
3954	6.058
3955	5.22
3956	6.17
3957	5.54
3958	6.278
3959	5.716
3960	5.716
3961	5.306
3962	5.108
3963	6.946
3964	6.274
3965	5.082
3966	5.824
3967	5.71
3968	5.384
3969	5.318
3970	6.078
3971	6.222
3972	6.078
3973	5.266
3974	5.384
3975	5.318
3976	6.674
3977	6.928
3978	6.416
3979	5.536
3980	5.532
3981	5.46
3982	6.312
3983	6.674
3984	5.76
3985	6.928
3986	6.564
3987	6.564
3988	5.95
3989	6.276
3990	6.564
3991	5.95
3992	5.788
3993	6.01
3994	6.228
3995	6.228
3996	5.688
3997	6.228
3998	6.708
3999	5.906
4000	5.906
4001	5.906
4002	5.592
4003	5.55
4004	6.59
4005	6.93
4006	6.59
4007	6.206
4008	5.592
4009	5.55
4010	6.082
4011	6.56
4012	6.708
4013	5.906
4014	5.228
4015	6.098
4016	4.392
4017	5.258
4018	6.308
4019	5.998
4020	4.392
4021	4.68
4022	5.712
4023	5.258
4024	6.174
4025	6.478
4026	6.856
4027	6.174
4028	5.498
4029	6.426
4030	6.158
4031	6.102
4032	5.272
4033	5.366
4034	6.078
4035	5.366
4036	6.174
4037	5.26
4038	5.298
4039	5.272
4040	5.82
4041	5.888
4042	5.5
4043	6.442
4044	6.442
4045	6.442
4046	6.442
4047	6.428
4048	6.384
4049	6.384
4050	6.286
4051	6.442
4052	6.306
4053	5.5
4054	6.442
4055	6.428
4056	6.306
4057	5.79
4058	6.278
4059	6.384
4060	6.286
4061	5.126
4062	5.126
4063	6.112
4064	5.832
4065	6.55
4066	6.92
4067	6.708
4068	5.428
4069	6.708
4070	5.536
4071	5.616
4072	6.064
4073	6.214
4074	4.816
4075	5.11
4076	5.584
4077	5.598
4078	6.024
4079	6.074
4080	5.744
4081	5.728
4082	5.586
4083	5.972
4084	5.214
4085	6.24
4086	6.038
4087	5.968
4088	5.908
4089	6.12
4090	5.332
4091	5.518
4092	5.88
4093	5.196
4094	5.308
4095	7.102
4096	5.308
4097	5.21
4098	5.88
4099	6.196
4100	5.196
4101	5.774
4102	5.436
4103	5.436
4104	6.41
4105	6.266
4106	6.18
4107	5.954
4108	6.716
4109	6.48
4110	6.478
4111	5.798
4112	5.948
4113	6.228
4114	6.284
4115	6.244
4116	6.204
4117	5.114
4118	5.114
4119	6.346
4120	6.544
4121	5.592
4122	5.7
4123	5.234
4124	6.162
4125	6.518
4126	5.956
4127	5.932
4128	5.268
4129	5.434
4130	7.062
4131	5.904
4132	5.464
4133	5.464
4134	6.16
4135	6.566
4136	6.284
4137	6.588
4138	5.464
4139	5.95
4140	6.312
4141	5.796
4142	5.796
4143	5.942
4144	6.332
4145	5.796
4146	5.822
4147	6.0
4148	6.312
4149	5.724
4150	6.704
4151	4.5
4152	6.698
4153	5.724
4154	5.438
4155	5.416
4156	5.438
4157	5.486
4158	6.652
4159	6.652
4160	6.652
4161	6.652
4162	6.652
4163	6.652
4164	5.456
4165	5.484
4166	6.346
4167	6.424
4168	6.68
4169	6.396
4170	6.62
4171	6.652
4172	6.286
4173	5.9
4174	5.446
4175	5.562
4176	5.866
4177	5.906
4178	6.09
4179	6.318
4180	5.818
4181	5.242
4182	6.066
4183	5.218
4184	6.744
4185	7.092
4186	5.818
4187	5.52
4188	6.428
4189	6.308
4190	5.384
4191	6.396
4192	5.862
4193	6.012
4194	6.1
4195	6.012
4196	6.606
4197	6.386
4198	5.454
4199	5.338
4200	6.1
4201	6.07
4202	6.276
4203	6.758
4204	5.172
4205	5.916
4206	6.276
4207	5.312
4208	6.646
4209	6.406
4210	6.598
4211	5.832
4212	5.372
4213	5.01
4214	4.686
4215	5.178
4216	5.178
4217	5.178
4218	5.324
4219	6.468
4220	5.178
4221	6.16
4222	6.852
4223	5.324
4224	4.482
4225	6.66
4226	5.7
4227	5.59
4228	5.864
4229	5.462
4230	5.9
4231	5.396
4232	6.424
4233	6.192
4234	5.696
4235	5.736
4236	5.2
4237	5.2
4238	6.034
4239	5.2
4240	6.856
4241	5.82
4242	6.456
4243	6.284
4244	6.292
4245	5.314
4246	5.43
4247	6.552
4248	5.498
4249	6.216
4250	5.77
4251	6.364
4252	5.788
4253	6.364
4254	5.5
4255	6.03
4256	5.25
4257	5.25
4258	6.222
4259	6.312
4260	6.444
4261	6.426
4262	6.526
4263	6.534
4264	6.24
4265	6.278
4266	6.426
4267	6.526
4268	6.464
4269	6.486
4270	5.254
4271	5.92
4272	5.232
4273	5.856
4274	5.856
4275	5.856
4276	5.856
4277	7.03
4278	5.908
4279	5.166
4280	5.504
4281	5.856
4282	5.546
4283	5.546
4284	6.108
4285	6.108
4286	6.108
4287	6.108
4288	5.416
4289	5.962
4290	5.738
4291	5.546
4292	5.972
4293	6.07
4294	5.972
4295	5.984
4296	5.972
4297	6.07
4298	6.384
4299	6.282
4300	5.364
4301	5.328
4302	5.132
4303	5.436
4304	6.916
4305	6.124
4306	5.916
4307	5.406
4308	6.418
4309	6.418
4310	6.25
4311	5.674
4312	6.606
4313	6.916
4314	6.504
4315	6.636
4316	6.8
4317	4.876
4318	6.764
4319	6.636
4320	6.8
4321	5.45
4322	5.692
4323	6.176
4324	5.712
4325	6.212
4326	5.534
4327	5.332
4328	5.534
4329	6.168
4330	5.646
4331	5.534
4332	5.332
4333	6.494
4334	6.494
4335	6.494
4336	6.494
4337	6.494
4338	6.494
4339	6.494
4340	5.734
4341	6.494
4342	5.62
4343	6.258
4344	5.804
4345	5.696
4346	6.22
4347	5.696
4348	6.364
4349	5.232
4350	5.282
4351	6.284
4352	6.722
4353	5.552
4354	5.928
4355	6.132
4356	6.722
4357	5.722
4358	6.316
4359	5.624
4360	5.238
4361	5.552
4362	6.328
4363	6.704
4364	5.338
4365	6.23
4366	5.622
4367	6.502
4368	5.338
4369	6.38
4370	6.23
4371	5.502
4372	5.454
4373	6.242
4374	6.272
4375	5.122
4376	6.0
4377	5.206
4378	6.422
4379	4.84
4380	5.206
4381	6.142
4382	7.132
4383	6.098
4384	6.422
4385	5.218
4386	5.218
4387	6.296
4388	6.244
4389	5.63
4390	5.834
4391	5.386
4392	5.926
4393	5.386
4394	5.75
4395	5.74
4396	5.654
4397	5.658
4398	5.658
4399	5.658
4400	5.654
4401	5.658
4402	6.418
4403	6.6
4404	5.564
4405	5.43
4406	5.43
4407	6.878
4408	6.238
4409	5.42
4410	6.896
4411	5.484
4412	6.854
4413	6.172
4414	6.854
4415	6.172
4416	5.038
4417	5.484
4418	5.85
4419	5.776
4420	5.776
4421	5.776
4422	5.776
4423	5.85
4424	5.85
4425	5.776
4426	5.834
4427	5.806
4428	5.696
4429	6.59
4430	5.676
4431	5.212
4432	6.526
4433	6.47
4434	5.082
4435	5.946
4436	6.044
4437	6.522
4438	6.052
4439	5.67
4440	5.0
4441	5.168
4442	6.188
4443	5.168
4444	5.0
4445	6.202
4446	6.202
4447	7.196
4448	6.554
4449	5.646
4450	5.708
4451	5.926
4452	5.118
4453	5.374
4454	6.554
4455	6.206
4456	5.43
4457	5.43
4458	5.43
4459	6.724
4460	5.894
4461	6.206
4462	5.624
4463	7.058
4464	6.474
4465	5.314
4466	5.314
4467	5.952
4468	5.902
4469	6.07
4470	6.436
4471	6.4
4472	6.372
4473	5.928
4474	5.216
4475	5.702
4476	6.774
4477	6.74
4478	5.324
4479	5.324
4480	5.058
4481	6.726
4482	5.324
4483	6.638
4484	4.982
4485	5.054
4486	6.368
4487	5.882
4488	5.73
4489	7.242
4490	7.242
4491	6.37
4492	6.766
4493	6.244
4494	5.788
4495	6.048
4496	5.6
4497	6.048
4498	5.412
4499	6.026
4500	6.372
4501	5.88
4502	5.358
4503	5.9
4504	6.874
4505	5.564
4506	5.522
4507	6.34
4508	6.212
4509	6.502
4510	5.464
4511	6.96
4512	6.488
4513	6.488
4514	6.28
4515	5.328
4516	6.286
4517	6.376
4518	5.924
4519	5.216
4520	6.362
4521	5.528
4522	5.334
4523	5.216
4524	5.968
4525	5.942
4526	6.362
4527	6.406
4528	5.924
4529	5.082
4530	5.356
4531	5.328
4532	5.328
4533	6.43
4534	5.746
4535	6.134
4536	5.382
4537	5.372
4538	5.132
4539	6.508
4540	6.236
4541	7.376
4542	6.692
4543	6.22
4544	6.22
4545	7.376
4546	6.89
4547	6.402
4548	6.594
4549	5.598
4550	6.22
4551	6.014
4552	6.118
4553	6.526
4554	7.37
4555	6.692
4556	5.408
4557	6.62
4558	5.44
4559	6.292
4560	6.052
4561	7.254
4562	6.078
4563	6.194
4564	6.446
4565	6.044
4566	6.278
4567	6.288
4568	6.278
4569	6.216
4570	5.744
4571	6.456
4572	6.474
4573	6.576
4574	6.746
4575	7.038
4576	6.776
4577	5.928
4578	6.072
4579	6.748
4580	6.002
4581	6.81
4582	6.424
4583	5.668
4584	5.638
4585	6.048
4586	6.596
4587	6.628
4588	6.326
4589	6.358
4590	6.628
4591	6.104
4592	5.83
4593	6.692
4594	6.536
4595	7.078
4596	6.21
4597	6.482
4598	5.18
4599	6.536
4600	6.31
4601	5.62
4602	6.21
4603	5.914
4604	6.242
4605	6.564
4606	6.68
4607	6.098
4608	6.112
4609	6.504
4610	4.62
4611	5.162
4612	6.326
4613	5.36
4614	5.446
4615	5.192
4616	6.522
4617	5.532
4618	7.574
4619	6.52
4620	4.684
4621	6.064
4622	5.732
4623	7.334
4624	6.388
4625	6.45
4626	5.182
4627	6.542
4628	6.24
4629	6.24
4630	6.3
4631	5.892
4632	6.314
4633	6.542
4634	5.674
4635	6.402
4636	5.648
4637	5.306
4638	6.306
4639	5.306
4640	5.222
4641	6.306
4642	6.338
4643	6.464
4644	5.964
4645	6.746
4646	7.108
4647	6.112
4648	5.926
4649	4.822
4650	4.59
4651	4.602
4652	7.298
4653	5.324
4654	6.638
4655	6.348
4656	6.348
4657	6.348
4658	6.434
4659	6.982
4660	6.09
4661	6.338
4662	5.558
4663	6.75
4664	6.026
4665	6.018
4666	6.75
4667	5.284
4668	6.064
4669	6.09
4670	6.35
4671	5.482
4672	6.104
4673	6.104
4674	6.648
4675	6.74
4676	6.212
4677	5.72
4678	6.648
4679	5.482
4680	6.102
4681	4.738
4682	6.344
4683	5.588
4684	6.462
4685	6.004
4686	5.346
4687	4.738
4688	5.71
4689	5.71
4690	5.71
4691	5.71
4692	6.062
4693	5.544
4694	5.71
4695	6.062
4696	6.962
4697	6.676
4698	6.962
4699	5.604
4700	5.798
4701	5.798
4702	5.106
4703	5.106
4704	6.676
4705	5.294
4706	6.048
4707	6.326
4708	5.988
4709	5.936
4710	6.94
4711	6.714
4712	5.99
4713	6.048
4714	6.158
4715	6.326
4716	5.932
4717	5.324
4718	5.642
4719	5.756
4720	5.932
4721	6.09
4722	5.994
4723	5.606
4724	5.254
4725	5.994
4726	5.93
4727	7.034
4728	5.606
4729	5.834
4730	4.734
4731	5.888
4732	6.786
4733	6.786
4734	5.878
4735	6.42
4736	6.12
4737	6.056
4738	6.652
4739	7.082
4740	6.42
4741	5.402
4742	6.212
4743	6.02
4744	6.426
4745	5.69
4746	5.91
4747	5.442
4748	5.968
4749	5.512
4750	5.472
4751	6.426
4752	5.682
4753	6.678
4754	6.64
4755	6.094
4756	6.378
4757	7.052
4758	7.052
4759	6.4
4760	5.906
4761	5.906
4762	6.21
4763	6.436
4764	6.612
4765	6.0
4766	6.696
4767	6.536
4768	5.712
4769	5.714
4770	5.714
4771	5.714
4772	5.714
4773	5.298
4774	6.306
4775	5.326
4776	5.578
4777	5.426
4778	6.582
4779	5.774
4780	4.912
4781	5.282
4782	5.288
4783	5.296
4784	5.296
4785	5.73
4786	6.182
4787	7.032
4788	7.016
4789	5.73
4790	6.43
4791	6.294
4792	5.296
4793	6.956
4794	5.402
4795	5.406
4796	6.15
4797	6.15
4798	6.746
4799	5.702
4800	5.778
4801	6.138
4802	6.15
4803	6.802
4804	6.63
4805	5.844
4806	5.662
4807	5.244
4808	6.33
4809	5.502
4810	5.61
4811	5.652
4812	6.316
4813	6.448
4814	5.414
4815	6.538
4816	6.226
4817	5.896
4818	6.418
4819	6.576
4820	6.538
4821	5.414
4822	5.954
4823	5.99
4824	6.56
4825	5.734
4826	6.274
4827	6.274
4828	6.238
4829	5.734
4830	6.422
4831	5.954
4832	5.524
4833	5.414
4834	6.55
4835	6.706
4836	6.656
4837	5.234
4838	7.104
4839	6.122
4840	4.376
4841	6.818
4842	6.806
4843	6.1
4844	6.006
4845	6.418
4846	5.268
4847	6.748
4848	6.742
4849	6.262
4850	5.28
4851	6.262
4852	5.28
4853	6.33
4854	6.19
4855	6.822
4856	6.022
4857	6.022
4858	6.312
4859	5.25
4860	6.196
4861	5.576
4862	6.43
4863	6.278
4864	7.074
4865	5.464
4866	6.954
4867	6.14
4868	5.34
4869	6.486
4870	5.506
4871	6.21
4872	6.41
4873	5.636
4874	6.416
4875	5.752
4876	5.672
4877	6.652
4878	4.636
4879	4.74
4880	5.32
4881	5.32
4882	5.746
4883	5.696
4884	6.326
4885	5.398
4886	5.354
4887	6.678
4888	5.214
4889	5.76
4890	5.69
4891	6.386
4892	5.69
4893	5.984
4894	6.234
4895	5.326
4896	5.648
4897	6.94
4898	5.64
